"","lifehistory","Rest","SigmaR","Lyears","Nsamp","Fscen","variable","year","mre","mare","pconverge"
"1","long_fast","R_biasadjusted","HighSigmaR","L1","N200","F1","Depletion",100,0.0745998111902732,0.363387540741272,1
"2","long_fast","R_biasadjusted","HighSigmaR","L1","N200","F1","F",100,-0.0859381150695872,0.437716905426973,1
"3","long_fast","R_biasadjusted","HighSigmaR","L1","N200","F1","OFL",100,0.0850233054024437,0.42117448970078,1
"4","long_fast","R_biasadjusted","HighSigmaR","L1","N200","F1","Recruit",100,0.262043238957469,0.574670383896193,1
"5","long_fast","R_biasadjusted","HighSigmaR","L1","N200","F1","SPR",100,0.0473339854892197,0.25366837686131,1
"6","long_fast","R_biasadjusted","HighSigmaR","L1","N200","F1","SSB",100,0.0599495889000844,0.490811536940091,1
"7","long_fast","R_biasadjusted","HighSigmaR","L1","N200","F1","SSB0",100,0.0394486135176632,0.151763857115549,1
"8","long_fast","R_biasadjusted","HighSigmaR","L10","N200","F1","Depletion",100,0.013568625215585,0.22540848719701,1
"9","long_fast","R_biasadjusted","HighSigmaR","L10","N200","F1","F",100,-0.0171679509783088,0.276943043240383,1
"10","long_fast","R_biasadjusted","HighSigmaR","L10","N200","F1","OFL",100,0.0133353495905189,0.291505949008342,1
"11","long_fast","R_biasadjusted","HighSigmaR","L10","N200","F1","Recruit",100,0.272580210192289,0.542757090955797,1
"12","long_fast","R_biasadjusted","HighSigmaR","L10","N200","F1","SPR",100,0.00955975736808335,0.150556358800457,1
"13","long_fast","R_biasadjusted","HighSigmaR","L10","N200","F1","SSB",100,-0.00543976725617965,0.285272952872389,1
"14","long_fast","R_biasadjusted","HighSigmaR","L10","N200","F1","SSB0",100,0.0166242222811442,0.108603158355583,1
"15","long_fast","R_biasadjusted","HighSigmaR","L2","N200","F1","Depletion",100,0.0295800426216779,0.257393560237846,1
"16","long_fast","R_biasadjusted","HighSigmaR","L2","N200","F1","F",100,-0.0543127076652381,0.295052576071159,1
"17","long_fast","R_biasadjusted","HighSigmaR","L2","N200","F1","OFL",100,0.0973138809069065,0.30247668255492,1
"18","long_fast","R_biasadjusted","HighSigmaR","L2","N200","F1","Recruit",100,0.263557481561368,0.472436795630809,1
"19","long_fast","R_biasadjusted","HighSigmaR","L2","N200","F1","SPR",100,0.0330046367909441,0.1565454691688,1
"20","long_fast","R_biasadjusted","HighSigmaR","L2","N200","F1","SSB",100,0.0643869063355928,0.361085774342617,1
"21","long_fast","R_biasadjusted","HighSigmaR","L2","N200","F1","SSB0",100,0.0291201371375013,0.116437384768118,1
"22","long_fast","R_biasadjusted","HighSigmaR","L20","N200","F1","Depletion",100,0.0628306878765575,0.210637713972337,1
"23","long_fast","R_biasadjusted","HighSigmaR","L20","N200","F1","F",100,-0.0915537550502672,0.237197553667596,1
"24","long_fast","R_biasadjusted","HighSigmaR","L20","N200","F1","OFL",100,0.101019002375821,0.294992535760974,1
"25","long_fast","R_biasadjusted","HighSigmaR","L20","N200","F1","Recruit",100,0.336799588480208,0.56380512425965,1
"26","long_fast","R_biasadjusted","HighSigmaR","L20","N200","F1","SPR",100,0.0485591158112887,0.14003894231039,1
"27","long_fast","R_biasadjusted","HighSigmaR","L20","N200","F1","SSB",100,0.0953124911446219,0.28260667542173,1
"28","long_fast","R_biasadjusted","HighSigmaR","L20","N200","F1","SSB0",100,0.0243782873844598,0.0897405856708577,1
"29","long_fast","R_biasadjusted","HighSigmaR","L20","N200","F2","Depletion",100,0.0945138561259006,0.169184133936975,1
"30","long_fast","R_biasadjusted","HighSigmaR","L20","N200","F2","F",100,-0.114965357990406,0.287355557778738,1
"31","long_fast","R_biasadjusted","HighSigmaR","L20","N200","F2","OFL",100,0.128721223290579,0.310761943226884,1
"32","long_fast","R_biasadjusted","HighSigmaR","L20","N200","F2","Recruit",100,0.549037536660322,0.622106077096948,1
"33","long_fast","R_biasadjusted","HighSigmaR","L20","N200","F2","SPR",100,0.0370138635021512,0.0891784539242428,1
"34","long_fast","R_biasadjusted","HighSigmaR","L20","N200","F2","SSB",100,0.135518345232313,0.304281005034262,1
"35","long_fast","R_biasadjusted","HighSigmaR","L20","N200","F2","SSB0",100,0.0357981908209135,0.146948012307844,1
"36","long_fast","R_biasadjusted","HighSigmaR","L5","N200","F1","Depletion",100,0.0798117601288708,0.298017617763504,1
"37","long_fast","R_biasadjusted","HighSigmaR","L5","N200","F1","F",100,-0.101976718475046,0.354406707881063,1
"38","long_fast","R_biasadjusted","HighSigmaR","L5","N200","F1","OFL",100,0.093081099922105,0.350263504757077,1
"39","long_fast","R_biasadjusted","HighSigmaR","L5","N200","F1","Recruit",100,0.345493451336239,0.571924713703367,1
"40","long_fast","R_biasadjusted","HighSigmaR","L5","N200","F1","SPR",100,0.0524711159160326,0.197400292160849,1
"41","long_fast","R_biasadjusted","HighSigmaR","L5","N200","F1","SSB",100,0.0958638982523354,0.368642118248565,1
"42","long_fast","R_biasadjusted","HighSigmaR","L5","N200","F1","SSB0",100,0.0450660714175603,0.130206631190149,1
"43","long_fast","R_biasadjusted","HighSigmaR","L75","N200","F1","Depletion",100,0.0178071077413034,0.184144296782222,1
"44","long_fast","R_biasadjusted","HighSigmaR","L75","N200","F1","F",100,-0.0391115655806428,0.239889595400436,1
"45","long_fast","R_biasadjusted","HighSigmaR","L75","N200","F1","OFL",100,0.0376524806911071,0.268539941956316,1
"46","long_fast","R_biasadjusted","HighSigmaR","L75","N200","F1","Recruit",100,0.343846939212386,0.540375061838719,1
"47","long_fast","R_biasadjusted","HighSigmaR","L75","N200","F1","SPR",100,0.0179981931665784,0.133145480017283,1
"48","long_fast","R_biasadjusted","HighSigmaR","L75","N200","F1","SSB",100,0.0359167871346735,0.261249629472632,1
"49","long_fast","R_biasadjusted","HighSigmaR","L75","N200","F1","SSB0",100,0.0396890974453207,0.0951977209523164,1
"50","long_fast","R_biasadjusted","LowSigmaR","L1","N200","F1","Depletion",100,0.14699040313515,0.268897482159498,1
"51","long_fast","R_biasadjusted","LowSigmaR","L1","N200","F1","F",100,-0.141977575182099,0.279986034502388,1
"52","long_fast","R_biasadjusted","LowSigmaR","L1","N200","F1","OFL",100,0.153879545688221,0.306140066527926,1
"53","long_fast","R_biasadjusted","LowSigmaR","L1","N200","F1","Recruit",100,0.161762740614174,0.323060455925079,1
"54","long_fast","R_biasadjusted","LowSigmaR","L1","N200","F1","SPR",100,0.077277666902964,0.157170192111657,1
"55","long_fast","R_biasadjusted","LowSigmaR","L1","N200","F1","SSB",100,0.197684620156415,0.362622390086229,1
"56","long_fast","R_biasadjusted","LowSigmaR","L1","N200","F1","SSB0",100,0.0334488478353363,0.0727957181528368,1
"57","long_fast","R_biasadjusted","LowSigmaR","L10","N200","F1","Depletion",100,-0.0307114223252323,0.1217938610702,1
"58","long_fast","R_biasadjusted","LowSigmaR","L10","N200","F1","F",100,0.0433179912187946,0.126055238969893,1
"59","long_fast","R_biasadjusted","LowSigmaR","L10","N200","F1","OFL",100,-0.0359331823026144,0.130454974875929,1
"60","long_fast","R_biasadjusted","LowSigmaR","L10","N200","F1","Recruit",100,0.0503822086898748,0.242208364094586,1
"61","long_fast","R_biasadjusted","LowSigmaR","L10","N200","F1","SPR",100,-0.0195141750383906,0.0662075389469865,1
"62","long_fast","R_biasadjusted","LowSigmaR","L10","N200","F1","SSB",100,-0.0527725491124788,0.122717014068022,1
"63","long_fast","R_biasadjusted","LowSigmaR","L10","N200","F1","SSB0",100,-0.00890098845060522,0.0485931690232036,1
"64","long_fast","R_biasadjusted","LowSigmaR","L20","N200","F1","Depletion",100,-0.0217981308501961,0.102482001977565,1
"65","long_fast","R_biasadjusted","LowSigmaR","L20","N200","F1","F",100,0.0219724909628458,0.125079095379737,1
"66","long_fast","R_biasadjusted","LowSigmaR","L20","N200","F1","OFL",100,-0.0181470724056821,0.131068100072473,1
"67","long_fast","R_biasadjusted","LowSigmaR","L20","N200","F1","Recruit",100,0.0691425503413907,0.236749879524753,1
"68","long_fast","R_biasadjusted","LowSigmaR","L20","N200","F1","SPR",100,-0.0106184196005889,0.0655977794279108,1
"69","long_fast","R_biasadjusted","LowSigmaR","L20","N200","F1","SSB",100,-0.0264981745158664,0.121224359414368,1
"70","long_fast","R_biasadjusted","LowSigmaR","L20","N200","F1","SSB0",100,-0.00157239491160674,0.0484513451684312,1
"71","long_fast","R_biasadjusted","LowSigmaR","L75","N200","F1","Depletion",100,-0.0359203654039931,0.0997800518722006,1
"72","long_fast","R_biasadjusted","LowSigmaR","L75","N200","F1","F",100,0.0299924521108946,0.122909713010268,1
"73","long_fast","R_biasadjusted","LowSigmaR","L75","N200","F1","OFL",100,-0.0238105224075104,0.11915844604008,1
"74","long_fast","R_biasadjusted","LowSigmaR","L75","N200","F1","Recruit",100,0.0661489180216889,0.25447405897025,1
"75","long_fast","R_biasadjusted","LowSigmaR","L75","N200","F1","SPR",100,-0.0101414604675697,0.061817644495237,1
"76","long_fast","R_biasadjusted","LowSigmaR","L75","N200","F1","SSB",100,-0.0216677629447306,0.113855363659641,1
"77","long_fast","R_biasadjusted","LowSigmaR","L75","N200","F1","SSB0",100,0.000311395855043688,0.0445789373076899,1
"78","long_fast","R_unadjusted","HighSigmaR","L1","N200","F1","Depletion",100,-0.239672159496232,0.373075367791677,1
"79","long_fast","R_unadjusted","HighSigmaR","L1","N200","F1","F",100,-0.0741502429158335,0.506006294287165,1
"80","long_fast","R_unadjusted","HighSigmaR","L1","N200","F1","OFL",100,0.0668116268076888,0.511270414663208,1
"81","long_fast","R_unadjusted","HighSigmaR","L1","N200","F1","Recruit",100,0.614007155298529,0.768442048583029,1
"82","long_fast","R_unadjusted","HighSigmaR","L1","N200","F1","SPR",100,0.0346066583494969,0.267603065257362,1
"83","long_fast","R_unadjusted","HighSigmaR","L1","N200","F1","SSB",100,0.0543331649234197,0.543270359742855,1
"84","long_fast","R_unadjusted","HighSigmaR","L1","N200","F1","SSB0",100,0.436971629062791,0.436971629062791,1
"85","long_fast","R_unadjusted","HighSigmaR","L10","N200","F1","Depletion",100,-0.180847278776519,0.237066848511694,1
"86","long_fast","R_unadjusted","HighSigmaR","L10","N200","F1","F",100,-0.152761535894829,0.287031299867369,1
"87","long_fast","R_unadjusted","HighSigmaR","L10","N200","F1","OFL",100,0.201026369553733,0.356973946524284,1
"88","long_fast","R_unadjusted","HighSigmaR","L10","N200","F1","Recruit",100,0.728532648220803,0.743110123923501,1
"89","long_fast","R_unadjusted","HighSigmaR","L10","N200","F1","SPR",100,0.0855833023154028,0.178260202716984,1
"90","long_fast","R_unadjusted","HighSigmaR","L10","N200","F1","SSB",100,0.156855478065559,0.345099396077315,1
"91","long_fast","R_unadjusted","HighSigmaR","L10","N200","F1","SSB0",100,0.422120204966301,0.422120204966301,1
"92","long_fast","R_unadjusted","HighSigmaR","L2","N200","F1","Depletion",100,-0.292786516962505,0.329396319047165,1
"93","long_fast","R_unadjusted","HighSigmaR","L2","N200","F1","F",100,-0.0312220963388238,0.32889396143611,1
"94","long_fast","R_unadjusted","HighSigmaR","L2","N200","F1","OFL",100,0.046394960362705,0.318357157921722,1
"95","long_fast","R_unadjusted","HighSigmaR","L2","N200","F1","Recruit",100,0.585192880587284,0.671896148398171,1
"96","long_fast","R_unadjusted","HighSigmaR","L2","N200","F1","SPR",100,0.0161380525478034,0.174454817006679,1
"97","long_fast","R_unadjusted","HighSigmaR","L2","N200","F1","SSB",100,0.0154794539520699,0.379078460665063,1
"98","long_fast","R_unadjusted","HighSigmaR","L2","N200","F1","SSB0",100,0.414230482262769,0.414230482262769,1
"99","long_fast","R_unadjusted","HighSigmaR","L20","N200","F1","Depletion",100,-0.0825766408082546,0.181553584934163,1
"100","long_fast","R_unadjusted","HighSigmaR","L20","N200","F1","F",100,-0.276978056753664,0.299853692442253,1
"101","long_fast","R_unadjusted","HighSigmaR","L20","N200","F1","OFL",100,0.397574641797872,0.413848057640119,1
"102","long_fast","R_unadjusted","HighSigmaR","L20","N200","F1","Recruit",100,0.874175014125609,0.874175014125609,1
"103","long_fast","R_unadjusted","HighSigmaR","L20","N200","F1","SPR",100,0.166103356108911,0.178851257956333,1
"104","long_fast","R_unadjusted","HighSigmaR","L20","N200","F1","SSB",100,0.364165825970812,0.386103265638827,1
"105","long_fast","R_unadjusted","HighSigmaR","L20","N200","F1","SSB0",100,0.440332237795441,0.440332237795441,1
"106","long_fast","R_unadjusted","HighSigmaR","L20","N200","F2","Depletion",100,-0.0171886934675375,0.13175969038504,1
"107","long_fast","R_unadjusted","HighSigmaR","L20","N200","F2","F",100,-0.324889188677593,0.327955102140876,1
"108","long_fast","R_unadjusted","HighSigmaR","L20","N200","F2","OFL",100,0.49388413321968,0.49388413321968,1
"109","long_fast","R_unadjusted","HighSigmaR","L20","N200","F2","Recruit",100,1.32219861802145,1.32219861802145,1
"110","long_fast","R_unadjusted","HighSigmaR","L20","N200","F2","SPR",100,0.110403250752229,0.112374511402941,1
"111","long_fast","R_unadjusted","HighSigmaR","L20","N200","F2","SSB",100,0.484619479243223,0.484619479243223,1
"112","long_fast","R_unadjusted","HighSigmaR","L20","N200","F2","SSB0",100,0.511663470491389,0.511663470491389,1
"113","long_fast","R_unadjusted","HighSigmaR","L5","N200","F1","Depletion",100,-0.205351056340102,0.278881568808625,1
"114","long_fast","R_unadjusted","HighSigmaR","L5","N200","F1","F",100,-0.144775217113631,0.36155089258418,1
"115","long_fast","R_unadjusted","HighSigmaR","L5","N200","F1","OFL",100,0.170958286293617,0.363692888465111,1
"116","long_fast","R_unadjusted","HighSigmaR","L5","N200","F1","Recruit",100,0.770829850300137,0.770867955131839,1
"117","long_fast","R_unadjusted","HighSigmaR","L5","N200","F1","SPR",100,0.0771467369448803,0.209116652981369,1
"118","long_fast","R_unadjusted","HighSigmaR","L5","N200","F1","SSB",100,0.159081079569289,0.39256317750392,1
"119","long_fast","R_unadjusted","HighSigmaR","L5","N200","F1","SSB0",100,0.450019423701849,0.450019423701849,1
"120","long_fast","R_unadjusted","HighSigmaR","L75","N200","F1","Depletion",100,0.0249881213652514,0.192699094690634,1
"121","long_fast","R_unadjusted","HighSigmaR","L75","N200","F1","F",100,-0.186917335306883,0.259331045265884,1
"122","long_fast","R_unadjusted","HighSigmaR","L75","N200","F1","OFL",100,0.232458619293574,0.285751539183752,1
"123","long_fast","R_unadjusted","HighSigmaR","L75","N200","F1","Recruit",100,0.603686345312326,0.716650791906291,1
"124","long_fast","R_unadjusted","HighSigmaR","L75","N200","F1","SPR",100,0.104744901680954,0.144134244356451,1
"125","long_fast","R_unadjusted","HighSigmaR","L75","N200","F1","SSB",100,0.221836407738575,0.283161695891807,1
"126","long_fast","R_unadjusted","HighSigmaR","L75","N200","F1","SSB0",100,0.202542963378614,0.202542963378614,1
"127","long_fast","R_unadjusted","LowSigmaR","L1","N200","F1","Depletion",100,0.0543335866262571,0.22561636751423,1
"128","long_fast","R_unadjusted","LowSigmaR","L1","N200","F1","F",100,-0.135407802323455,0.279438173180771,1
"129","long_fast","R_unadjusted","LowSigmaR","L1","N200","F1","OFL",100,0.146272532290465,0.319044021686438,1
"130","long_fast","R_unadjusted","LowSigmaR","L1","N200","F1","Recruit",100,0.217087840789829,0.370161654823807,1
"131","long_fast","R_unadjusted","LowSigmaR","L1","N200","F1","SPR",100,0.0723715343307703,0.161394553687829,1
"132","long_fast","R_unadjusted","LowSigmaR","L1","N200","F1","SSB",100,0.188429459553306,0.363420618679595,1
"133","long_fast","R_unadjusted","LowSigmaR","L1","N200","F1","SSB0",100,0.122215165286453,0.122215165286453,1
"134","long_fast","R_unadjusted","LowSigmaR","L10","N200","F1","Depletion",100,-0.0904791412495237,0.12667401271397,1
"135","long_fast","R_unadjusted","LowSigmaR","L10","N200","F1","F",100,0.030090408423468,0.13255064279562,1
"136","long_fast","R_unadjusted","LowSigmaR","L10","N200","F1","OFL",100,-0.0146058329322968,0.137742622872465,1
"137","long_fast","R_unadjusted","LowSigmaR","L10","N200","F1","Recruit",100,0.132276527849512,0.25263821370034,1
"138","long_fast","R_unadjusted","LowSigmaR","L10","N200","F1","SPR",100,-0.0125907858977213,0.0713465398017721,1
"139","long_fast","R_unadjusted","LowSigmaR","L10","N200","F1","SSB",100,-0.0337996449388112,0.135561370218676,1
"140","long_fast","R_unadjusted","LowSigmaR","L10","N200","F1","SSB0",100,0.076224155685595,0.076224155685595,1
"141","long_fast","R_unadjusted","LowSigmaR","L20","N200","F1","Depletion",100,-0.0634275735682287,0.105977444349694,1
"142","long_fast","R_unadjusted","LowSigmaR","L20","N200","F1","F",100,-0.0206775120338341,0.125942968744857,1
"143","long_fast","R_unadjusted","LowSigmaR","L20","N200","F1","OFL",100,0.0272174341649978,0.145634282762384,1
"144","long_fast","R_unadjusted","LowSigmaR","L20","N200","F1","Recruit",100,0.158165706328008,0.286708685180966,1
"145","long_fast","R_unadjusted","LowSigmaR","L20","N200","F1","SPR",100,0.0136064282868563,0.0698735777733303,1
"146","long_fast","R_unadjusted","LowSigmaR","L20","N200","F1","SSB",100,0.0198279211426004,0.129314961905429,1
"147","long_fast","R_unadjusted","LowSigmaR","L20","N200","F1","SSB0",100,0.0831519426784977,0.0831519426784977,1
"148","long_fast","R_unadjusted","LowSigmaR","L75","N200","F1","Depletion",100,-0.0669928952833361,0.105969930102789,1
"149","long_fast","R_unadjusted","LowSigmaR","L75","N200","F1","F",100,0.0223263845632232,0.117198975134194,1
"150","long_fast","R_unadjusted","LowSigmaR","L75","N200","F1","OFL",100,-0.0158809316568308,0.122671099983081,1
"151","long_fast","R_unadjusted","LowSigmaR","L75","N200","F1","Recruit",100,0.102742106896514,0.244253548674321,1
"152","long_fast","R_unadjusted","LowSigmaR","L75","N200","F1","SPR",100,-0.00582451270675244,0.0615314690154254,1
"153","long_fast","R_unadjusted","LowSigmaR","L75","N200","F1","SSB",100,-0.0137710693729944,0.11904287896559,1
"154","long_fast","R_unadjusted","LowSigmaR","L75","N200","F1","SSB0",100,0.0419181984670691,0.0532579405943036,1
"155","long_slow","R_biasadjusted","HighSigmaR","L1","N200","F1","Depletion",100,0.0647466050709006,0.526432373499726,1
"156","long_slow","R_biasadjusted","HighSigmaR","L1","N200","F1","F",100,-0.0761885198311233,0.54377075531648,1
"157","long_slow","R_biasadjusted","HighSigmaR","L1","N200","F1","OFL",100,0.0682575879828933,0.568115167275317,1
"158","long_slow","R_biasadjusted","HighSigmaR","L1","N200","F1","Recruit",100,0.409691259871454,0.663505775895535,1
"159","long_slow","R_biasadjusted","HighSigmaR","L1","N200","F1","SPR",100,0.0392290579208855,0.361965245896485,1
"160","long_slow","R_biasadjusted","HighSigmaR","L1","N200","F1","SSB",100,0.0480213878028252,0.629047046080832,1
"161","long_slow","R_biasadjusted","HighSigmaR","L1","N200","F1","SSB0",100,0.0269382790425458,0.141813660868599,1
"162","long_slow","R_biasadjusted","HighSigmaR","L10","N200","F1","Depletion",100,-0.0704315837031075,0.222668708710062,1
"163","long_slow","R_biasadjusted","HighSigmaR","L10","N200","F1","F",100,0.0053354182832048,0.245618766218575,1
"164","long_slow","R_biasadjusted","HighSigmaR","L10","N200","F1","OFL",100,-0.00740302465099081,0.274104750146464,1
"165","long_slow","R_biasadjusted","HighSigmaR","L10","N200","F1","Recruit",100,0.430061557265535,0.609959049007853,1
"166","long_slow","R_biasadjusted","HighSigmaR","L10","N200","F1","SPR",100,-0.00904719042827481,0.153382648890007,1
"167","long_slow","R_biasadjusted","HighSigmaR","L10","N200","F1","SSB",100,-0.0377247949339148,0.284208696638609,1
"168","long_slow","R_biasadjusted","HighSigmaR","L10","N200","F1","SSB0",100,0.0306130863685666,0.0984621587044886,1
"169","long_slow","R_biasadjusted","HighSigmaR","L2","N200","F1","Depletion",100,-0.306377344284121,0.46624362541747,1
"170","long_slow","R_biasadjusted","HighSigmaR","L2","N200","F1","F",100,0.294914590150106,0.537174381797685,1
"171","long_slow","R_biasadjusted","HighSigmaR","L2","N200","F1","OFL",100,-0.240789034125374,0.481192289250418,1
"172","long_slow","R_biasadjusted","HighSigmaR","L2","N200","F1","Recruit",100,0.229733218855499,0.563698632664333,1
"173","long_slow","R_biasadjusted","HighSigmaR","L2","N200","F1","SPR",100,-0.16212325482674,0.31918983082825,1
"174","long_slow","R_biasadjusted","HighSigmaR","L2","N200","F1","SSB",100,-0.284026204613668,0.520780689560808,1
"175","long_slow","R_biasadjusted","HighSigmaR","L2","N200","F1","SSB0",100,0.00223454857193905,0.12721636637892,1
"176","long_slow","R_biasadjusted","HighSigmaR","L20","N200","F1","Depletion",100,0.011660370979949,0.192314540164862,1
"177","long_slow","R_biasadjusted","HighSigmaR","L20","N200","F1","F",100,-0.0316564333106113,0.231210207291976,1
"178","long_slow","R_biasadjusted","HighSigmaR","L20","N200","F1","OFL",100,0.0197118481686439,0.244631399545019,1
"179","long_slow","R_biasadjusted","HighSigmaR","L20","N200","F1","Recruit",100,0.407715673791021,0.602169923542727,1
"180","long_slow","R_biasadjusted","HighSigmaR","L20","N200","F1","SPR",100,0.00859124426136727,0.13644975158795,1
"181","long_slow","R_biasadjusted","HighSigmaR","L20","N200","F1","SSB",100,0.0331756171805752,0.247489821137928,1
"182","long_slow","R_biasadjusted","HighSigmaR","L20","N200","F1","SSB0",100,0.0269377063750492,0.110694909100488,1
"183","long_slow","R_biasadjusted","HighSigmaR","L20","N200","F2","Depletion",100,0.0229519616777387,0.147333927608372,1
"184","long_slow","R_biasadjusted","HighSigmaR","L20","N200","F2","F",100,-0.0807808726797702,0.219265042574932,1
"185","long_slow","R_biasadjusted","HighSigmaR","L20","N200","F2","OFL",100,0.0869600760146808,0.230594126594506,1
"186","long_slow","R_biasadjusted","HighSigmaR","L20","N200","F2","Recruit",100,0.578009189295108,0.659251627352814,1
"187","long_slow","R_biasadjusted","HighSigmaR","L20","N200","F2","SPR",100,0.0287693720666189,0.070071377432582,1
"188","long_slow","R_biasadjusted","HighSigmaR","L20","N200","F2","SSB",100,0.0823905292541662,0.222517190590284,1
"189","long_slow","R_biasadjusted","HighSigmaR","L20","N200","F2","SSB0",100,0.0190182875638381,0.106505846362473,1
"190","long_slow","R_biasadjusted","HighSigmaR","L5","N200","F1","Depletion",100,-0.259289632196245,0.375577141322284,1
"191","long_slow","R_biasadjusted","HighSigmaR","L5","N200","F1","F",100,0.191951509960864,0.381765715897446,1
"192","long_slow","R_biasadjusted","HighSigmaR","L5","N200","F1","OFL",100,-0.187263504379103,0.370288537938974,1
"193","long_slow","R_biasadjusted","HighSigmaR","L5","N200","F1","Recruit",100,0.252756495846715,0.545885870072831,1
"194","long_slow","R_biasadjusted","HighSigmaR","L5","N200","F1","SPR",100,-0.132868019306962,0.218199720143387,1
"195","long_slow","R_biasadjusted","HighSigmaR","L5","N200","F1","SSB",100,-0.271380991813833,0.4083526056812,1
"196","long_slow","R_biasadjusted","HighSigmaR","L5","N200","F1","SSB0",100,-0.0331706194086177,0.111583116387797,1
"197","long_slow","R_biasadjusted","HighSigmaR","L75","N200","F1","Depletion",100,0.0126942544781617,0.17383712899371,1
"198","long_slow","R_biasadjusted","HighSigmaR","L75","N200","F1","F",100,-0.0207432618475948,0.215303945147275,1
"199","long_slow","R_biasadjusted","HighSigmaR","L75","N200","F1","OFL",100,0.0180900354654505,0.222222588033619,1
"200","long_slow","R_biasadjusted","HighSigmaR","L75","N200","F1","Recruit",100,0.341402426733562,0.602064434002506,1
"201","long_slow","R_biasadjusted","HighSigmaR","L75","N200","F1","SPR",100,0.00618770045909062,0.126539800955915,1
"202","long_slow","R_biasadjusted","HighSigmaR","L75","N200","F1","SSB",100,0.00880385517801815,0.222988587610927,1
"203","long_slow","R_biasadjusted","HighSigmaR","L75","N200","F1","SSB0",100,0.0219366011267806,0.0853182943213145,1
"204","long_slow","R_biasadjusted","LowSigmaR","L1","N200","F1","Depletion",100,-0.529158247581173,0.616597221691092,1
"205","long_slow","R_biasadjusted","LowSigmaR","L1","N200","F1","F",100,0.930618751181818,0.930618751181818,1
"206","long_slow","R_biasadjusted","LowSigmaR","L1","N200","F1","OFL",100,-0.512831974815845,0.640589673930649,1
"207","long_slow","R_biasadjusted","LowSigmaR","L1","N200","F1","Recruit",100,-0.238482912114719,0.413008224803748,1
"208","long_slow","R_biasadjusted","LowSigmaR","L1","N200","F1","SPR",100,-0.404471416892019,0.430516359034023,1
"209","long_slow","R_biasadjusted","LowSigmaR","L1","N200","F1","SSB",100,-0.556519261663194,0.692981631712205,1
"210","long_slow","R_biasadjusted","LowSigmaR","L1","N200","F1","SSB0",100,-0.0618990570457,0.131171780778301,1
"211","long_slow","R_biasadjusted","LowSigmaR","L10","N200","F1","Depletion",100,-0.164990851497251,0.190681872031358,1
"212","long_slow","R_biasadjusted","LowSigmaR","L10","N200","F1","F",100,0.135217423383431,0.18563630538283,1
"213","long_slow","R_biasadjusted","LowSigmaR","L10","N200","F1","OFL",100,-0.126730552372934,0.170041894837739,1
"214","long_slow","R_biasadjusted","LowSigmaR","L10","N200","F1","Recruit",100,0.0641229242129354,0.259482469057994,1
"215","long_slow","R_biasadjusted","LowSigmaR","L10","N200","F1","SPR",100,-0.082263890635809,0.110146374441859,1
"216","long_slow","R_biasadjusted","LowSigmaR","L10","N200","F1","SSB",100,-0.159830255836532,0.20681870485645,1
"217","long_slow","R_biasadjusted","LowSigmaR","L10","N200","F1","SSB0",100,-0.0170282680129697,0.0468241578638127,1
"218","long_slow","R_biasadjusted","LowSigmaR","L20","N200","F1","Depletion",100,-0.0650140339039581,0.0937203915275927,1
"219","long_slow","R_biasadjusted","LowSigmaR","L20","N200","F1","F",100,0.0699243369866245,0.107547036417122,1
"220","long_slow","R_biasadjusted","LowSigmaR","L20","N200","F1","OFL",100,-0.0777367090410854,0.111037070153591,1
"221","long_slow","R_biasadjusted","LowSigmaR","L20","N200","F1","Recruit",100,0.0974871699205103,0.275015516536011,1
"222","long_slow","R_biasadjusted","LowSigmaR","L20","N200","F1","SPR",100,-0.0456545578894408,0.0651678746619709,1
"223","long_slow","R_biasadjusted","LowSigmaR","L20","N200","F1","SSB",100,-0.0768763872114728,0.124643167319596,1
"224","long_slow","R_biasadjusted","LowSigmaR","L20","N200","F1","SSB0",100,-0.00139330001935609,0.0482317745705853,1
"225","long_slow","R_biasadjusted","LowSigmaR","L75","N200","F1","Depletion",100,-0.036363081795205,0.0826479399353189,1
"226","long_slow","R_biasadjusted","LowSigmaR","L75","N200","F1","F",100,0.047279226176733,0.105406667456945,1
"227","long_slow","R_biasadjusted","LowSigmaR","L75","N200","F1","OFL",100,-0.0472509820446499,0.106288209442668,1
"228","long_slow","R_biasadjusted","LowSigmaR","L75","N200","F1","Recruit",100,0.0674259761478998,0.258004996368844,1
"229","long_slow","R_biasadjusted","LowSigmaR","L75","N200","F1","SPR",100,-0.027696764354443,0.0626444484623608,1
"230","long_slow","R_biasadjusted","LowSigmaR","L75","N200","F1","SSB",100,-0.047471233073325,0.105319338348737,1
"231","long_slow","R_biasadjusted","LowSigmaR","L75","N200","F1","SSB0",100,-0.0111326561349296,0.0432278059848335,1
"232","long_slow","R_unadjusted","HighSigmaR","L1","N200","F1","Depletion",100,-0.374031544765341,0.503456574040124,1
"233","long_slow","R_unadjusted","HighSigmaR","L1","N200","F1","F",100,0.115937870765264,0.581556649483464,1
"234","long_slow","R_unadjusted","HighSigmaR","L1","N200","F1","OFL",100,-0.145653371228103,0.622516647923411,1
"235","long_slow","R_unadjusted","HighSigmaR","L1","N200","F1","Recruit",100,0.591540843466687,0.728245491326474,1
"236","long_slow","R_unadjusted","HighSigmaR","L1","N200","F1","SPR",100,-0.0714007766807118,0.390390148418339,1
"237","long_slow","R_unadjusted","HighSigmaR","L1","N200","F1","SSB",100,-0.215124164216219,0.661262414272637,1
"238","long_slow","R_unadjusted","HighSigmaR","L1","N200","F1","SSB0",100,0.362879921933967,0.362879921933967,1
"239","long_slow","R_unadjusted","HighSigmaR","L10","N200","F1","Depletion",100,-0.306697463642287,0.324238838058133,1
"240","long_slow","R_unadjusted","HighSigmaR","L10","N200","F1","F",100,-0.0442421004155374,0.259835317212953,1
"241","long_slow","R_unadjusted","HighSigmaR","L10","N200","F1","OFL",100,0.0430331921480539,0.273706608962265,1
"242","long_slow","R_unadjusted","HighSigmaR","L10","N200","F1","Recruit",100,0.853184977179201,0.853184977179201,1
"243","long_slow","R_unadjusted","HighSigmaR","L10","N200","F1","SPR",100,0.0180688321489215,0.149975826992013,1
"244","long_slow","R_unadjusted","HighSigmaR","L10","N200","F1","SSB",100,-0.0189103334080259,0.264512701082611,1
"245","long_slow","R_unadjusted","HighSigmaR","L10","N200","F1","SSB0",100,0.411596745874217,0.411596745874217,1
"246","long_slow","R_unadjusted","HighSigmaR","L2","N200","F1","Depletion",100,-0.556350694771945,0.578797304854299,1
"247","long_slow","R_unadjusted","HighSigmaR","L2","N200","F1","F",100,0.541928426925029,0.628147337363067,1
"248","long_slow","R_unadjusted","HighSigmaR","L2","N200","F1","OFL",100,-0.363258535075902,0.535293848782832,1
"249","long_slow","R_unadjusted","HighSigmaR","L2","N200","F1","Recruit",100,0.448299906600546,0.659320445825977,1
"250","long_slow","R_unadjusted","HighSigmaR","L2","N200","F1","SPR",100,-0.254547669957864,0.365034038739702,1
"251","long_slow","R_unadjusted","HighSigmaR","L2","N200","F1","SSB",100,-0.396648234184743,0.580564626375312,1
"252","long_slow","R_unadjusted","HighSigmaR","L2","N200","F1","SSB0",100,0.349164535389133,0.349164535389133,1
"253","long_slow","R_unadjusted","HighSigmaR","L20","N200","F1","Depletion",100,-0.151037322961083,0.19314553202071,1
"254","long_slow","R_unadjusted","HighSigmaR","L20","N200","F1","F",100,-0.137413267828778,0.246715801378408,1
"255","long_slow","R_unadjusted","HighSigmaR","L20","N200","F1","OFL",100,0.158820932211047,0.300452929838671,1
"256","long_slow","R_unadjusted","HighSigmaR","L20","N200","F1","Recruit",100,0.891647493452452,0.891647493452452,1
"257","long_slow","R_unadjusted","HighSigmaR","L20","N200","F1","SPR",100,0.0761410445883907,0.155642726872524,1
"258","long_slow","R_unadjusted","HighSigmaR","L20","N200","F1","SSB",100,0.157954076492449,0.286092741366042,1
"259","long_slow","R_unadjusted","HighSigmaR","L20","N200","F1","SSB0",100,0.430242799565231,0.430242799565231,1
"260","long_slow","R_unadjusted","HighSigmaR","L20","N200","F2","Depletion",100,-0.151216226250121,0.173032590074555,1
"261","long_slow","R_unadjusted","HighSigmaR","L20","N200","F2","F",100,-0.207031967480699,0.240460532930563,1
"262","long_slow","R_unadjusted","HighSigmaR","L20","N200","F2","OFL",100,0.260154209082106,0.26939993838863,1
"263","long_slow","R_unadjusted","HighSigmaR","L20","N200","F2","Recruit",100,1.23426723164422,1.23426723164422,1
"264","long_slow","R_unadjusted","HighSigmaR","L20","N200","F2","SPR",100,0.0696013132869055,0.0864346719313851,1
"265","long_slow","R_unadjusted","HighSigmaR","L20","N200","F2","SSB",100,0.248687242113371,0.265827332206802,1
"266","long_slow","R_unadjusted","HighSigmaR","L20","N200","F2","SSB0",100,0.424693651522666,0.424693651522666,1
"267","long_slow","R_unadjusted","HighSigmaR","L5","N200","F1","Depletion",100,-0.477960263897091,0.480643082146576,1
"268","long_slow","R_unadjusted","HighSigmaR","L5","N200","F1","F",100,0.277330473335918,0.437785382412147,1
"269","long_slow","R_unadjusted","HighSigmaR","L5","N200","F1","OFL",100,-0.241913238092628,0.401701848789115,1
"270","long_slow","R_unadjusted","HighSigmaR","L5","N200","F1","Recruit",100,0.481701007592023,0.664467863460734,1
"271","long_slow","R_unadjusted","HighSigmaR","L5","N200","F1","SPR",100,-0.165262797937237,0.2446121706182,1
"272","long_slow","R_unadjusted","HighSigmaR","L5","N200","F1","SSB",100,-0.317953211912465,0.467418665944996,1
"273","long_slow","R_unadjusted","HighSigmaR","L5","N200","F1","SSB0",100,0.31692908200255,0.31692908200255,1
"274","long_slow","R_unadjusted","HighSigmaR","L75","N200","F1","Depletion",100,-0.0973852731914079,0.187924406017433,1
"275","long_slow","R_unadjusted","HighSigmaR","L75","N200","F1","F",100,-0.0944694279610459,0.208920542024758,1
"276","long_slow","R_unadjusted","HighSigmaR","L75","N200","F1","OFL",100,0.107398084254635,0.210172690455112,1
"277","long_slow","R_unadjusted","HighSigmaR","L75","N200","F1","Recruit",100,0.594819104177547,0.655247611442512,1
"278","long_slow","R_unadjusted","HighSigmaR","L75","N200","F1","SPR",100,0.0552245141814982,0.118055664738067,1
"279","long_slow","R_unadjusted","HighSigmaR","L75","N200","F1","SSB",100,0.101972488709085,0.207689769322739,1
"280","long_slow","R_unadjusted","HighSigmaR","L75","N200","F1","SSB0",100,0.223389573099288,0.223389573099288,1
"281","long_slow","R_unadjusted","LowSigmaR","L1","N200","F1","Depletion",100,-0.581075267954198,0.628294765346739,1
"282","long_slow","R_unadjusted","LowSigmaR","L1","N200","F1","F",100,1.02221051256024,1.02221051256024,1
"283","long_slow","R_unadjusted","LowSigmaR","L1","N200","F1","OFL",100,-0.536987071203503,0.636107486255711,1
"284","long_slow","R_unadjusted","LowSigmaR","L1","N200","F1","Recruit",100,-0.211044151840623,0.411516790116979,1
"285","long_slow","R_unadjusted","LowSigmaR","L1","N200","F1","SPR",100,-0.428841936041758,0.434365370102509,1
"286","long_slow","R_unadjusted","LowSigmaR","L1","N200","F1","SSB",100,-0.577179533056478,0.706172574436555,1
"287","long_slow","R_unadjusted","LowSigmaR","L1","N200","F1","SSB0",100,0.00883396880336549,0.110141712298722,1
"288","long_slow","R_unadjusted","LowSigmaR","L10","N200","F1","Depletion",100,-0.230966136111921,0.247376125795674,1
"289","long_slow","R_unadjusted","LowSigmaR","L10","N200","F1","F",100,0.130032595451727,0.188653777255792,1
"290","long_slow","R_unadjusted","LowSigmaR","L10","N200","F1","OFL",100,-0.125253648736331,0.17820583039855,1
"291","long_slow","R_unadjusted","LowSigmaR","L10","N200","F1","Recruit",100,0.130888016013669,0.283813688452372,1
"292","long_slow","R_unadjusted","LowSigmaR","L10","N200","F1","SPR",100,-0.080679870762845,0.115186348342871,1
"293","long_slow","R_unadjusted","LowSigmaR","L10","N200","F1","SSB",100,-0.162655990260682,0.208484306824654,1
"294","long_slow","R_unadjusted","LowSigmaR","L10","N200","F1","SSB0",100,0.0626475334638252,0.0669362403462577,1
"295","long_slow","R_unadjusted","LowSigmaR","L20","N200","F1","Depletion",100,-0.130999310056114,0.136971653034112,1
"296","long_slow","R_unadjusted","LowSigmaR","L20","N200","F1","F",100,0.0658536495843948,0.109183871331611,1
"297","long_slow","R_unadjusted","LowSigmaR","L20","N200","F1","OFL",100,-0.0668870972311836,0.115043984078617,1
"298","long_slow","R_unadjusted","LowSigmaR","L20","N200","F1","Recruit",100,0.15864624964768,0.300180252984198,1
"299","long_slow","R_unadjusted","LowSigmaR","L20","N200","F1","SPR",100,-0.0423695836739827,0.0638295154392805,1
"300","long_slow","R_unadjusted","LowSigmaR","L20","N200","F1","SSB",100,-0.0792541653341164,0.122604838731737,1
"301","long_slow","R_unadjusted","LowSigmaR","L20","N200","F1","SSB0",100,0.0799724432400611,0.0799724432400611,1
"302","long_slow","R_unadjusted","LowSigmaR","L75","N200","F1","Depletion",100,-0.100620047316989,0.114952598741905,1
"303","long_slow","R_unadjusted","LowSigmaR","L75","N200","F1","F",100,0.0668114897380358,0.115218661501126,1
"304","long_slow","R_unadjusted","LowSigmaR","L75","N200","F1","OFL",100,-0.0667671409893815,0.114681299131322,1
"305","long_slow","R_unadjusted","LowSigmaR","L75","N200","F1","Recruit",100,0.0971810736518851,0.270707700515814,1
"306","long_slow","R_unadjusted","LowSigmaR","L75","N200","F1","SPR",100,-0.0398599144707879,0.0644269621407458,1
"307","long_slow","R_unadjusted","LowSigmaR","L75","N200","F1","SSB",100,-0.0673725796449259,0.111939429860392,1
"308","long_slow","R_unadjusted","LowSigmaR","L75","N200","F1","SSB0",100,0.0364605941768879,0.0513018450201407,1
"309","short_fast","R_biasadjusted","HighSigmaR","L1","N200","F1","Depletion",100,-0.125280342147812,0.298117174536129,1
"310","short_fast","R_biasadjusted","HighSigmaR","L1","N200","F1","F",100,0.0604557132077447,0.463255936990673,1
"311","short_fast","R_biasadjusted","HighSigmaR","L1","N200","F1","OFL",100,-0.0843236669617547,0.432316601902145,1
"312","short_fast","R_biasadjusted","HighSigmaR","L1","N200","F1","Recruit",100,0.362653325474653,0.522804409103178,1
"313","short_fast","R_biasadjusted","HighSigmaR","L1","N200","F1","SPR",100,-0.0244975007873438,0.243452487909684,1
"314","short_fast","R_biasadjusted","HighSigmaR","L1","N200","F1","SSB",100,-0.0545146551027129,0.449402096928279,1
"315","short_fast","R_biasadjusted","HighSigmaR","L1","N200","F1","SSB0",100,-0.00984125051849438,0.133643077422496,1
"316","short_fast","R_biasadjusted","HighSigmaR","L10","N200","F1","Depletion",100,-0.0584897051274741,0.309758514577792,1
"317","short_fast","R_biasadjusted","HighSigmaR","L10","N200","F1","F",100,-0.0147795566353271,0.33022746774719,1
"318","short_fast","R_biasadjusted","HighSigmaR","L10","N200","F1","OFL",100,0.0457004299915661,0.345488985069296,1
"319","short_fast","R_biasadjusted","HighSigmaR","L10","N200","F1","Recruit",100,0.449228808834851,0.572727392687014,1
"320","short_fast","R_biasadjusted","HighSigmaR","L10","N200","F1","SPR",100,0.0120661639259376,0.184706016465628,1
"321","short_fast","R_biasadjusted","HighSigmaR","L10","N200","F1","SSB",100,-0.000613028777231113,0.315016980355786,1
"322","short_fast","R_biasadjusted","HighSigmaR","L10","N200","F1","SSB0",100,0.00292273079766996,0.0903217370917419,1
"323","short_fast","R_biasadjusted","HighSigmaR","L2","N200","F1","Depletion",100,-0.00862825624547041,0.301464679231145,1
"324","short_fast","R_biasadjusted","HighSigmaR","L2","N200","F1","F",100,-0.0440243715595956,0.326400185635007,1
"325","short_fast","R_biasadjusted","HighSigmaR","L2","N200","F1","OFL",100,0.146718633609646,0.387619083794169,1
"326","short_fast","R_biasadjusted","HighSigmaR","L2","N200","F1","Recruit",100,0.215085760146707,0.40995848862992,1
"327","short_fast","R_biasadjusted","HighSigmaR","L2","N200","F1","SPR",100,0.0414365014500651,0.195849587393225,1
"328","short_fast","R_biasadjusted","HighSigmaR","L2","N200","F1","SSB",100,0.0130227247185108,0.370524954582808,1
"329","short_fast","R_biasadjusted","HighSigmaR","L2","N200","F1","SSB0",100,0.0344872089667984,0.140484386553409,1
"330","short_fast","R_biasadjusted","HighSigmaR","L20","N200","F1","Depletion",100,-0.074301180793739,0.313085452521557,1
"331","short_fast","R_biasadjusted","HighSigmaR","L20","N200","F1","F",100,0.052206719487911,0.348292647540629,1
"332","short_fast","R_biasadjusted","HighSigmaR","L20","N200","F1","OFL",100,-0.0402059234527264,0.323298837806148,1
"333","short_fast","R_biasadjusted","HighSigmaR","L20","N200","F1","Recruit",100,0.352424375823845,0.446205830349749,1
"334","short_fast","R_biasadjusted","HighSigmaR","L20","N200","F1","SPR",100,-0.0299692984235735,0.200041347623381,1
"335","short_fast","R_biasadjusted","HighSigmaR","L20","N200","F1","SSB",100,-0.0548460018421812,0.299702442858971,1
"336","short_fast","R_biasadjusted","HighSigmaR","L20","N200","F1","SSB0",100,-0.0103777795812368,0.0938069216757741,1
"337","short_fast","R_biasadjusted","HighSigmaR","L20","N200","F2","Depletion",100,0.0497360327855128,0.226238308455304,1
"338","short_fast","R_biasadjusted","HighSigmaR","L20","N200","F2","F",100,-0.0882192684590797,0.298559233970958,1
"339","short_fast","R_biasadjusted","HighSigmaR","L20","N200","F2","OFL",100,0.0997424098083222,0.322824185282872,1
"340","short_fast","R_biasadjusted","HighSigmaR","L20","N200","F2","Recruit",100,0.142142374636373,0.336682388223738,1
"341","short_fast","R_biasadjusted","HighSigmaR","L20","N200","F2","SPR",100,0.0287797159650352,0.101939716022364,1
"342","short_fast","R_biasadjusted","HighSigmaR","L20","N200","F2","SSB",100,0.0924922114189138,0.323491938091598,1
"343","short_fast","R_biasadjusted","HighSigmaR","L20","N200","F2","SSB0",100,0.04335515518765,0.118938686901477,1
"344","short_fast","R_biasadjusted","HighSigmaR","L5","N200","F1","Depletion",100,-0.0313994242664558,0.258444864293902,1
"345","short_fast","R_biasadjusted","HighSigmaR","L5","N200","F1","F",100,-0.0348758845246574,0.305469213852588,1
"346","short_fast","R_biasadjusted","HighSigmaR","L5","N200","F1","OFL",100,0.0771144816243701,0.333242665092597,1
"347","short_fast","R_biasadjusted","HighSigmaR","L5","N200","F1","Recruit",100,0.433552069218681,0.479843699337168,1
"348","short_fast","R_biasadjusted","HighSigmaR","L5","N200","F1","SPR",100,0.0236029237020421,0.179994512745308,1
"349","short_fast","R_biasadjusted","HighSigmaR","L5","N200","F1","SSB",100,0.023832791933328,0.322906806545311,1
"350","short_fast","R_biasadjusted","HighSigmaR","L5","N200","F1","SSB0",100,0.0532860150769176,0.115101827805731,1
"351","short_fast","R_biasadjusted","HighSigmaR","L75","N200","F1","Depletion",100,-0.10967711927331,0.269573630371202,1
"352","short_fast","R_biasadjusted","HighSigmaR","L75","N200","F1","F",100,0.157225581014681,0.268935954340641,1
"353","short_fast","R_biasadjusted","HighSigmaR","L75","N200","F1","OFL",100,-0.135932383795728,0.306624264329208,1
"354","short_fast","R_biasadjusted","HighSigmaR","L75","N200","F1","Recruit",100,0.298914865258251,0.449779005581363,1
"355","short_fast","R_biasadjusted","HighSigmaR","L75","N200","F1","SPR",100,-0.085200255814268,0.158820278883923,1
"356","short_fast","R_biasadjusted","HighSigmaR","L75","N200","F1","SSB",100,-0.145642059134913,0.274964232131539,1
"357","short_fast","R_biasadjusted","HighSigmaR","L75","N200","F1","SSB0",100,-0.0126833892405633,0.0770815298742989,1
"358","short_fast","R_biasadjusted","LowSigmaR","L1","N200","F1","Depletion",100,-0.0841066708943104,0.173037095966262,1
"359","short_fast","R_biasadjusted","LowSigmaR","L1","N200","F1","F",100,0.102309231518989,0.23677791780755,1
"360","short_fast","R_biasadjusted","LowSigmaR","L1","N200","F1","OFL",100,-0.0866098812751775,0.215390244345771,1
"361","short_fast","R_biasadjusted","LowSigmaR","L1","N200","F1","Recruit",100,0.14821986044262,0.293164745499621,1
"362","short_fast","R_biasadjusted","LowSigmaR","L1","N200","F1","SPR",100,-0.0418886203225501,0.131110608756808,1
"363","short_fast","R_biasadjusted","LowSigmaR","L1","N200","F1","SSB",100,-0.0825664507112731,0.23538606819094,1
"364","short_fast","R_biasadjusted","LowSigmaR","L1","N200","F1","SSB0",100,0.0108652771014807,0.0590683556060525,1
"365","short_fast","R_biasadjusted","LowSigmaR","L10","N200","F1","Depletion",100,-0.0992736077481839,0.155244369109074,1
"366","short_fast","R_biasadjusted","LowSigmaR","L10","N200","F1","F",100,0.0975553379534099,0.174659476205624,1
"367","short_fast","R_biasadjusted","LowSigmaR","L10","N200","F1","OFL",100,-0.0591440968591437,0.175322407333538,1
"368","short_fast","R_biasadjusted","LowSigmaR","L10","N200","F1","Recruit",100,0.125530449611386,0.239596891632408,1
"369","short_fast","R_biasadjusted","LowSigmaR","L10","N200","F1","SPR",100,-0.0566501082959949,0.0997984786393154,1
"370","short_fast","R_biasadjusted","LowSigmaR","L10","N200","F1","SSB",100,-0.110081197882953,0.173269113930738,1
"371","short_fast","R_biasadjusted","LowSigmaR","L10","N200","F1","SSB0",100,-0.00415922739814965,0.0501992822233042,1
"372","short_fast","R_biasadjusted","LowSigmaR","L20","N200","F1","Depletion",100,-0.0430172087098262,0.170144104897206,1
"373","short_fast","R_biasadjusted","LowSigmaR","L20","N200","F1","F",100,0.0347194369741158,0.184116865643499,1
"374","short_fast","R_biasadjusted","LowSigmaR","L20","N200","F1","OFL",100,-0.0352416898790964,0.187393174148191,1
"375","short_fast","R_biasadjusted","LowSigmaR","L20","N200","F1","Recruit",100,0.13958808477499,0.203762049977598,1
"376","short_fast","R_biasadjusted","LowSigmaR","L20","N200","F1","SPR",100,-0.0228609850395023,0.103268587592235,1
"377","short_fast","R_biasadjusted","LowSigmaR","L20","N200","F1","SSB",100,-0.0461571331554569,0.184057625907846,1
"378","short_fast","R_biasadjusted","LowSigmaR","L20","N200","F1","SSB0",100,-0.00739756352684436,0.0375074392685169,1
"379","short_fast","R_biasadjusted","LowSigmaR","L75","N200","F1","Depletion",100,-0.0946865453940948,0.150969804068607,1
"380","short_fast","R_biasadjusted","LowSigmaR","L75","N200","F1","F",100,0.108145058201144,0.162052061232715,1
"381","short_fast","R_biasadjusted","LowSigmaR","L75","N200","F1","OFL",100,-0.100530943321897,0.167185877053533,1
"382","short_fast","R_biasadjusted","LowSigmaR","L75","N200","F1","Recruit",100,0.0367836392402415,0.205267024044519,1
"383","short_fast","R_biasadjusted","LowSigmaR","L75","N200","F1","SPR",100,-0.0576934595401912,0.0959970090597667,1
"384","short_fast","R_biasadjusted","LowSigmaR","L75","N200","F1","SSB",100,-0.10279546295355,0.163476740903579,1
"385","short_fast","R_biasadjusted","LowSigmaR","L75","N200","F1","SSB0",100,-0.0201006781005969,0.042447226280005,1
"386","short_fast","R_unadjusted","HighSigmaR","L1","N200","F1","Depletion",100,-0.383934431680541,0.477721073986387,1
"387","short_fast","R_unadjusted","HighSigmaR","L1","N200","F1","F",100,0.00839246011500604,0.681520876297102,1
"388","short_fast","R_unadjusted","HighSigmaR","L1","N200","F1","OFL",100,-0.209515764301964,0.553397469566712,1
"389","short_fast","R_unadjusted","HighSigmaR","L1","N200","F1","Recruit",100,0.514826384027149,0.903146548741995,1
"390","short_fast","R_unadjusted","HighSigmaR","L1","N200","F1","SPR",100,0.0160347629177511,0.346232246122694,1
"391","short_fast","R_unadjusted","HighSigmaR","L1","N200","F1","SSB",100,-0.218064156405949,0.584071664092962,1
"392","short_fast","R_unadjusted","HighSigmaR","L1","N200","F1","SSB0",100,0.259220184313513,0.259220184313513,1
"393","short_fast","R_unadjusted","HighSigmaR","L10","N200","F1","Depletion",100,-0.0603049573754454,0.317539102149184,1
"394","short_fast","R_unadjusted","HighSigmaR","L10","N200","F1","F",100,-0.310985241649831,0.377974929766471,1
"395","short_fast","R_unadjusted","HighSigmaR","L10","N200","F1","OFL",100,0.463904251838472,0.562800321685205,1
"396","short_fast","R_unadjusted","HighSigmaR","L10","N200","F1","Recruit",100,1.13706893234945,1.13706893234945,1
"397","short_fast","R_unadjusted","HighSigmaR","L10","N200","F1","SPR",100,0.20506295851906,0.237425202342517,1
"398","short_fast","R_unadjusted","HighSigmaR","L10","N200","F1","SSB",100,0.359029281910037,0.466123845559697,1
"399","short_fast","R_unadjusted","HighSigmaR","L10","N200","F1","SSB0",100,0.367602436473156,0.367602436473156,1
"400","short_fast","R_unadjusted","HighSigmaR","L2","N200","F1","Depletion",100,-0.196117880013664,0.377238587306663,1
"401","short_fast","R_unadjusted","HighSigmaR","L2","N200","F1","F",100,-0.125539939612718,0.422196403551404,1
"402","short_fast","R_unadjusted","HighSigmaR","L2","N200","F1","OFL",100,0.0907307010203116,0.417557853467797,1
"403","short_fast","R_unadjusted","HighSigmaR","L2","N200","F1","Recruit",100,0.418039246388566,0.579693508642468,1
"404","short_fast","R_unadjusted","HighSigmaR","L2","N200","F1","SPR",100,0.0740334993034664,0.249347422439394,1
"405","short_fast","R_unadjusted","HighSigmaR","L2","N200","F1","SSB",100,0.0150099961607865,0.467280976445857,1
"406","short_fast","R_unadjusted","HighSigmaR","L2","N200","F1","SSB0",100,0.362834541650886,0.362834541650886,1
"407","short_fast","R_unadjusted","HighSigmaR","L20","N200","F1","Depletion",100,0.0719240257727328,0.35611689495393,1
"408","short_fast","R_unadjusted","HighSigmaR","L20","N200","F1","F",100,-0.405855571715835,0.456616776103334,1
"409","short_fast","R_unadjusted","HighSigmaR","L20","N200","F1","OFL",100,0.617286771671076,0.765321656086672,1
"410","short_fast","R_unadjusted","HighSigmaR","L20","N200","F1","Recruit",100,1.23283907336532,1.23283907336532,1
"411","short_fast","R_unadjusted","HighSigmaR","L20","N200","F1","SPR",100,0.277692763972695,0.294576698875306,1
"412","short_fast","R_unadjusted","HighSigmaR","L20","N200","F1","SSB",100,0.541197067765985,0.674034536733157,1
"413","short_fast","R_unadjusted","HighSigmaR","L20","N200","F1","SSB0",100,0.37638866345651,0.37638866345651,1
"414","short_fast","R_unadjusted","HighSigmaR","L20","N200","F2","Depletion",100,0.155830203566733,0.213075283892299,1
"415","short_fast","R_unadjusted","HighSigmaR","L20","N200","F2","F",100,-0.460521178230108,0.460521178230108,1
"416","short_fast","R_unadjusted","HighSigmaR","L20","N200","F2","OFL",100,0.875310124353857,0.875310124353857,1
"417","short_fast","R_unadjusted","HighSigmaR","L20","N200","F2","Recruit",100,0.955081253922418,0.955081253922418,1
"418","short_fast","R_unadjusted","HighSigmaR","L20","N200","F2","SPR",100,0.171371918404084,0.171371918404084,1
"419","short_fast","R_unadjusted","HighSigmaR","L20","N200","F2","SSB",100,0.846704168231457,0.846704168231457,1
"420","short_fast","R_unadjusted","HighSigmaR","L20","N200","F2","SSB0",100,0.529186730148425,0.529186730148425,1
"421","short_fast","R_unadjusted","HighSigmaR","L5","N200","F1","Depletion",100,-0.150799142534935,0.329621653719482,1
"422","short_fast","R_unadjusted","HighSigmaR","L5","N200","F1","F",100,-0.296119848803679,0.375888919779946,1
"423","short_fast","R_unadjusted","HighSigmaR","L5","N200","F1","OFL",100,0.343207211236538,0.534203712968158,1
"424","short_fast","R_unadjusted","HighSigmaR","L5","N200","F1","Recruit",100,0.855258660563896,1,1
"425","short_fast","R_unadjusted","HighSigmaR","L5","N200","F1","SPR",100,0.192986167867487,0.23700109938307,1
"426","short_fast","R_unadjusted","HighSigmaR","L5","N200","F1","SSB",100,0.269264271916823,0.467921954761814,1
"427","short_fast","R_unadjusted","HighSigmaR","L5","N200","F1","SSB0",100,0.402251393172104,0.402251393172104,1
"428","short_fast","R_unadjusted","HighSigmaR","L75","N200","F1","Depletion",100,-0.0306869972544028,0.293481486921805,1
"429","short_fast","R_unadjusted","HighSigmaR","L75","N200","F1","F",100,-0.00696453081918401,0.273277226386063,1
"430","short_fast","R_unadjusted","HighSigmaR","L75","N200","F1","OFL",100,0.018952865874769,0.343219624324266,1
"431","short_fast","R_unadjusted","HighSigmaR","L75","N200","F1","Recruit",100,0.568559969487803,0.576741770105195,1
"432","short_fast","R_unadjusted","HighSigmaR","L75","N200","F1","SPR",100,0.0035068194596599,0.158553644677073,1
"433","short_fast","R_unadjusted","HighSigmaR","L75","N200","F1","SSB",100,-0.00106860898051049,0.299860910637954,1
"434","short_fast","R_unadjusted","HighSigmaR","L75","N200","F1","SSB0",100,0.0735050451766489,0.10397448556331,1
"435","short_fast","R_unadjusted","LowSigmaR","L1","N200","F1","Depletion",100,-0.163390446529569,0.215700957946133,1
"436","short_fast","R_unadjusted","LowSigmaR","L1","N200","F1","F",100,0.159788480728698,0.258834777239208,1
"437","short_fast","R_unadjusted","LowSigmaR","L1","N200","F1","OFL",100,-0.138248654190032,0.233943776193789,1
"438","short_fast","R_unadjusted","LowSigmaR","L1","N200","F1","Recruit",100,0.169089466581802,0.324679864377119,1
"439","short_fast","R_unadjusted","LowSigmaR","L1","N200","F1","SPR",100,-0.0579011637230637,0.150755560192672,1
"440","short_fast","R_unadjusted","LowSigmaR","L1","N200","F1","SSB",100,-0.149842193069017,0.246674725234356,1
"441","short_fast","R_unadjusted","LowSigmaR","L1","N200","F1","SSB0",100,0.0564533400061318,0.0792456807156126,1
"442","short_fast","R_unadjusted","LowSigmaR","L10","N200","F1","Depletion",100,-0.113676453611504,0.165065194173244,1
"443","short_fast","R_unadjusted","LowSigmaR","L10","N200","F1","F",100,0.0335390928734693,0.172977007551535,1
"444","short_fast","R_unadjusted","LowSigmaR","L10","N200","F1","OFL",100,0.00225080102072327,0.182353856315609,1
"445","short_fast","R_unadjusted","LowSigmaR","L10","N200","F1","Recruit",100,0.222183381706375,0.256459541066024,1
"446","short_fast","R_unadjusted","LowSigmaR","L10","N200","F1","SPR",100,-0.0123250696050528,0.097990003149375,1
"447","short_fast","R_unadjusted","LowSigmaR","L10","N200","F1","SSB",100,-0.0557076046990889,0.176050761904281,1
"448","short_fast","R_unadjusted","LowSigmaR","L10","N200","F1","SSB0",100,0.0698327517177948,0.075010369889448,1
"449","short_fast","R_unadjusted","LowSigmaR","L20","N200","F1","Depletion",100,-0.0255487965758093,0.158630307598172,1
"450","short_fast","R_unadjusted","LowSigmaR","L20","N200","F1","F",100,-0.0733033957929519,0.172060085877716,1
"451","short_fast","R_unadjusted","LowSigmaR","L20","N200","F1","OFL",100,0.0859539485130018,0.188063101589924,1
"452","short_fast","R_unadjusted","LowSigmaR","L20","N200","F1","Recruit",100,0.274085309972883,0.288167922267069,1
"453","short_fast","R_unadjusted","LowSigmaR","L20","N200","F1","SPR",100,0.0391672124939379,0.101644630701963,1
"454","short_fast","R_unadjusted","LowSigmaR","L20","N200","F1","SSB",100,0.069294975223343,0.185409171451441,1
"455","short_fast","R_unadjusted","LowSigmaR","L20","N200","F1","SSB0",100,0.0760039631012282,0.0778711067828095,1
"456","short_fast","R_unadjusted","LowSigmaR","L75","N200","F1","Depletion",100,-0.0873418280239626,0.155964037026723,1
"457","short_fast","R_unadjusted","LowSigmaR","L75","N200","F1","F",100,0.0763215829501286,0.158904170979827,1
"458","short_fast","R_unadjusted","LowSigmaR","L75","N200","F1","OFL",100,-0.0709695565157182,0.157879298338644,1
"459","short_fast","R_unadjusted","LowSigmaR","L75","N200","F1","Recruit",100,0.0847253182258578,0.219055244291169,1
"460","short_fast","R_unadjusted","LowSigmaR","L75","N200","F1","SPR",100,-0.0405168066496252,0.0866928277330489,1
"461","short_fast","R_unadjusted","LowSigmaR","L75","N200","F1","SSB",100,-0.0754516863579668,0.14817793201917,1
"462","short_fast","R_unadjusted","LowSigmaR","L75","N200","F1","SSB0",100,0.00344404317480932,0.0457312124655087,1
"463","short_slow","R_biasadjusted","HighSigmaR","L1","N200","F1","Depletion",100,-0.0467254434688584,0.464286931915039,1
"464","short_slow","R_biasadjusted","HighSigmaR","L1","N200","F1","F",100,-0.0760336708401098,0.463704118885674,1
"465","short_slow","R_biasadjusted","HighSigmaR","L1","N200","F1","OFL",100,-0.011998274703672,0.514861245990406,1
"466","short_slow","R_biasadjusted","HighSigmaR","L1","N200","F1","Recruit",100,0.461721393944937,0.730878581054645,1
"467","short_slow","R_biasadjusted","HighSigmaR","L1","N200","F1","SPR",100,0.0152032451451865,0.304228421025673,1
"468","short_slow","R_biasadjusted","HighSigmaR","L1","N200","F1","SSB",100,0.0368213107409067,0.612480927402244,1
"469","short_slow","R_biasadjusted","HighSigmaR","L1","N200","F1","SSB0",100,0.0493594383562548,0.163888296081827,1
"470","short_slow","R_biasadjusted","HighSigmaR","L10","N200","F1","Depletion",100,0.0203116466634458,0.271652246587109,1
"471","short_slow","R_biasadjusted","HighSigmaR","L10","N200","F1","F",100,-0.0106251735299109,0.292160760574478,1
"472","short_slow","R_biasadjusted","HighSigmaR","L10","N200","F1","OFL",100,0.00631639101668587,0.353367390024622,1
"473","short_slow","R_biasadjusted","HighSigmaR","L10","N200","F1","Recruit",100,0.296068090552846,0.498054601366466,1
"474","short_slow","R_biasadjusted","HighSigmaR","L10","N200","F1","SPR",100,0.00205973730715211,0.17149209301226,1
"475","short_slow","R_biasadjusted","HighSigmaR","L10","N200","F1","SSB",100,0.046704672028379,0.316246233977223,1
"476","short_slow","R_biasadjusted","HighSigmaR","L10","N200","F1","SSB0",100,0.0329565280524857,0.119427399713546,1
"477","short_slow","R_biasadjusted","HighSigmaR","L2","N200","F1","Depletion",100,-0.0373013376617451,0.35762850863285,1
"478","short_slow","R_biasadjusted","HighSigmaR","L2","N200","F1","F",100,0.0119812649686781,0.409406205585396,1
"479","short_slow","R_biasadjusted","HighSigmaR","L2","N200","F1","OFL",100,0.0144656782929127,0.421641913649208,1
"480","short_slow","R_biasadjusted","HighSigmaR","L2","N200","F1","Recruit",100,0.251484827175853,0.547436830063635,1
"481","short_slow","R_biasadjusted","HighSigmaR","L2","N200","F1","SPR",100,-0.0173506518068752,0.246151906365189,1
"482","short_slow","R_biasadjusted","HighSigmaR","L2","N200","F1","SSB",100,-0.00844009859421974,0.469921408786903,1
"483","short_slow","R_biasadjusted","HighSigmaR","L2","N200","F1","SSB0",100,0.0136186727624345,0.12653045060426,1
"484","short_slow","R_biasadjusted","HighSigmaR","L20","N200","F1","Depletion",100,-0.0307666543356763,0.278127780261666,1
"485","short_slow","R_biasadjusted","HighSigmaR","L20","N200","F1","F",100,-0.00762809859911422,0.314027738992833,1
"486","short_slow","R_biasadjusted","HighSigmaR","L20","N200","F1","OFL",100,0.00785383722507807,0.335753066338418,1
"487","short_slow","R_biasadjusted","HighSigmaR","L20","N200","F1","Recruit",100,0.166469546488719,0.50905041415887,1
"488","short_slow","R_biasadjusted","HighSigmaR","L20","N200","F1","SPR",100,-0.010000216710764,0.187569076556033,1
"489","short_slow","R_biasadjusted","HighSigmaR","L20","N200","F1","SSB",100,-0.0208468317722323,0.31155448465332,1
"490","short_slow","R_biasadjusted","HighSigmaR","L20","N200","F1","SSB0",100,0.00215170629429084,0.11156531132638,1
"491","short_slow","R_biasadjusted","HighSigmaR","L20","N200","F2","Depletion",100,-0.0353482389035049,0.205851486028571,1
"492","short_slow","R_biasadjusted","HighSigmaR","L20","N200","F2","F",100,0.0497299074288532,0.2937654574009,1
"493","short_slow","R_biasadjusted","HighSigmaR","L20","N200","F2","OFL",100,-0.0417643592921432,0.274358647701383,1
"494","short_slow","R_biasadjusted","HighSigmaR","L20","N200","F2","Recruit",100,0.332627367465021,0.503419389884781,1
"495","short_slow","R_biasadjusted","HighSigmaR","L20","N200","F2","SPR",100,-0.0193145045642722,0.0946068874011025,1
"496","short_slow","R_biasadjusted","HighSigmaR","L20","N200","F2","SSB",100,-0.0700191567372743,0.262113165941549,1
"497","short_slow","R_biasadjusted","HighSigmaR","L20","N200","F2","SSB0",100,-0.0291998424722182,0.116616760867987,1
"498","short_slow","R_biasadjusted","HighSigmaR","L5","N200","F1","Depletion",100,-0.0659937839324406,0.314551592019456,1
"499","short_slow","R_biasadjusted","HighSigmaR","L5","N200","F1","F",100,0.00689485994801958,0.337518883996348,1
"500","short_slow","R_biasadjusted","HighSigmaR","L5","N200","F1","OFL",100,0.023636921940094,0.334404560306102,1
"501","short_slow","R_biasadjusted","HighSigmaR","L5","N200","F1","Recruit",100,0.294603659190448,0.469950705212295,1
"502","short_slow","R_biasadjusted","HighSigmaR","L5","N200","F1","SPR",100,-0.0141236315207775,0.197641201838495,1
"503","short_slow","R_biasadjusted","HighSigmaR","L5","N200","F1","SSB",100,-0.0125334916756312,0.374378016926687,1
"504","short_slow","R_biasadjusted","HighSigmaR","L5","N200","F1","SSB0",100,0.0205325143062066,0.130215632652253,1
"505","short_slow","R_biasadjusted","HighSigmaR","L75","N200","F1","Depletion",100,-0.101344533183179,0.261794497816211,1
"506","short_slow","R_biasadjusted","HighSigmaR","L75","N200","F1","F",100,0.104230321744044,0.302246996280163,1
"507","short_slow","R_biasadjusted","HighSigmaR","L75","N200","F1","OFL",100,-0.102392785122122,0.319070926842006,1
"508","short_slow","R_biasadjusted","HighSigmaR","L75","N200","F1","Recruit",100,0.118788955467108,0.496603782700178,1
"509","short_slow","R_biasadjusted","HighSigmaR","L75","N200","F1","SPR",100,-0.0717952910721075,0.181262793322944,1
"510","short_slow","R_biasadjusted","HighSigmaR","L75","N200","F1","SSB",100,-0.121905591367705,0.298197842825951,1
"511","short_slow","R_biasadjusted","HighSigmaR","L75","N200","F1","SSB0",100,-0.0113701616859874,0.0874037177436565,1
"512","short_slow","R_biasadjusted","LowSigmaR","L1","N200","F1","Depletion",100,0.103780476668797,0.332363871004206,1
"513","short_slow","R_biasadjusted","LowSigmaR","L1","N200","F1","F",100,-0.0936638805751784,0.312261160028501,1
"514","short_slow","R_biasadjusted","LowSigmaR","L1","N200","F1","OFL",100,0.0852841065316533,0.322081317219712,1
"515","short_slow","R_biasadjusted","LowSigmaR","L1","N200","F1","Recruit",100,0.0859537618668199,0.314850415420506,1
"516","short_slow","R_biasadjusted","LowSigmaR","L1","N200","F1","SPR",100,0.0610356016383335,0.1862727521676,1
"517","short_slow","R_biasadjusted","LowSigmaR","L1","N200","F1","SSB",100,0.120378261439622,0.411257715938359,1
"518","short_slow","R_biasadjusted","LowSigmaR","L1","N200","F1","SSB0",100,0.0520545714958319,0.09094149250973,1
"519","short_slow","R_biasadjusted","LowSigmaR","L10","N200","F1","Depletion",100,-0.0484643156071613,0.146401003199722,1
"520","short_slow","R_biasadjusted","LowSigmaR","L10","N200","F1","F",100,0.0355664012476418,0.14172007073235,1
"521","short_slow","R_biasadjusted","LowSigmaR","L10","N200","F1","OFL",100,-0.0393784836146856,0.157215753732671,1
"522","short_slow","R_biasadjusted","LowSigmaR","L10","N200","F1","Recruit",100,0.0774108620257992,0.241722656454594,1
"523","short_slow","R_biasadjusted","LowSigmaR","L10","N200","F1","SPR",100,-0.0310773086099185,0.0880446581781718,1
"524","short_slow","R_biasadjusted","LowSigmaR","L10","N200","F1","SSB",100,-0.0456264293178966,0.14068284667111,1
"525","short_slow","R_biasadjusted","LowSigmaR","L10","N200","F1","SSB0",100,0.000772238148564427,0.0478270626568953,1
"526","short_slow","R_biasadjusted","LowSigmaR","L20","N200","F1","Depletion",100,-0.018230008012792,0.133765831401486,1
"527","short_slow","R_biasadjusted","LowSigmaR","L20","N200","F1","F",100,-0.00217246660200656,0.148054736273508,1
"528","short_slow","R_biasadjusted","LowSigmaR","L20","N200","F1","OFL",100,-0.00372954240546224,0.160378035413323,1
"529","short_slow","R_biasadjusted","LowSigmaR","L20","N200","F1","Recruit",100,0.0971802398317448,0.261859199947328,1
"530","short_slow","R_biasadjusted","LowSigmaR","L20","N200","F1","SPR",100,-0.00669931775511284,0.0893754592790624,1
"531","short_slow","R_biasadjusted","LowSigmaR","L20","N200","F1","SSB",100,-0.00088103919547537,0.148638030035848,1
"532","short_slow","R_biasadjusted","LowSigmaR","L20","N200","F1","SSB0",100,0.00443541910970399,0.0457292590253958,1
"533","short_slow","R_biasadjusted","LowSigmaR","L75","N200","F1","Depletion",100,-0.0417656961862525,0.138610838666725,1
"534","short_slow","R_biasadjusted","LowSigmaR","L75","N200","F1","F",100,0.0642013695607645,0.148624436157564,1
"535","short_slow","R_biasadjusted","LowSigmaR","L75","N200","F1","OFL",100,-0.0626319525010592,0.155990417320295,1
"536","short_slow","R_biasadjusted","LowSigmaR","L75","N200","F1","Recruit",100,0.0607982664377234,0.263734018663839,1
"537","short_slow","R_biasadjusted","LowSigmaR","L75","N200","F1","SPR",100,-0.0341940034161496,0.0891331372429268,1
"538","short_slow","R_biasadjusted","LowSigmaR","L75","N200","F1","SSB",100,-0.0392720944027833,0.146318188252506,1
"539","short_slow","R_biasadjusted","LowSigmaR","L75","N200","F1","SSB0",100,-0.00925805734803306,0.0486268021640269,1
"540","short_slow","R_unadjusted","HighSigmaR","L1","N200","F1","Depletion",100,-0.33120099804092,0.448866489800931,1
"541","short_slow","R_unadjusted","HighSigmaR","L1","N200","F1","F",100,0.0256796251515703,0.5442963208211,1
"542","short_slow","R_unadjusted","HighSigmaR","L1","N200","F1","OFL",100,-0.182918331766762,0.551953875670578,1
"543","short_slow","R_unadjusted","HighSigmaR","L1","N200","F1","Recruit",100,0.68456278691514,0.890099462614522,1
"544","short_slow","R_unadjusted","HighSigmaR","L1","N200","F1","SPR",100,-0.00565713598994451,0.340977641359446,1
"545","short_slow","R_unadjusted","HighSigmaR","L1","N200","F1","SSB",100,-0.163093563780549,0.614882626673607,1
"546","short_slow","R_unadjusted","HighSigmaR","L1","N200","F1","SSB0",100,0.263852434310255,0.265992040006776,1
"547","short_slow","R_unadjusted","HighSigmaR","L10","N200","F1","Depletion",100,-0.0539241679207667,0.273249164476578,1
"548","short_slow","R_unadjusted","HighSigmaR","L10","N200","F1","F",100,-0.217711603440003,0.365404114465044,1
"549","short_slow","R_unadjusted","HighSigmaR","L10","N200","F1","OFL",100,0.255973211442192,0.464069581845622,1
"550","short_slow","R_unadjusted","HighSigmaR","L10","N200","F1","Recruit",100,0.788565152949743,0.788565152949743,1
"551","short_slow","R_unadjusted","HighSigmaR","L10","N200","F1","SPR",100,0.139760711914561,0.227405440228216,1
"552","short_slow","R_unadjusted","HighSigmaR","L10","N200","F1","SSB",100,0.319657947076848,0.429166743827531,1
"553","short_slow","R_unadjusted","HighSigmaR","L10","N200","F1","SSB0",100,0.364939728022564,0.364939728022564,1
"554","short_slow","R_unadjusted","HighSigmaR","L2","N200","F1","Depletion",100,-0.264328260120573,0.456866836155368,1
"555","short_slow","R_unadjusted","HighSigmaR","L2","N200","F1","F",100,0.0878336634765923,0.459238165635794,1
"556","short_slow","R_unadjusted","HighSigmaR","L2","N200","F1","OFL",100,-0.105207243613375,0.465988160159895,1
"557","short_slow","R_unadjusted","HighSigmaR","L2","N200","F1","Recruit",100,0.496179353216185,0.735616109723995,1
"558","short_slow","R_unadjusted","HighSigmaR","L2","N200","F1","SPR",100,-0.060770623476868,0.274738026237763,1
"559","short_slow","R_unadjusted","HighSigmaR","L2","N200","F1","SSB",100,-0.121536646795097,0.50700857770656,1
"560","short_slow","R_unadjusted","HighSigmaR","L2","N200","F1","SSB0",100,0.240992205014928,0.240992205014928,1
"561","short_slow","R_unadjusted","HighSigmaR","L20","N200","F1","Depletion",100,0.0171882052215868,0.27541209002481,1
"562","short_slow","R_unadjusted","HighSigmaR","L20","N200","F1","F",100,-0.319947301152572,0.389572382690019,1
"563","short_slow","R_unadjusted","HighSigmaR","L20","N200","F1","OFL",100,0.467325311550128,0.546766286072727,1
"564","short_slow","R_unadjusted","HighSigmaR","L20","N200","F1","Recruit",100,0.842872965180563,0.852165557407298,1
"565","short_slow","R_unadjusted","HighSigmaR","L20","N200","F1","SPR",100,0.201949805846856,0.25700320534921,1
"566","short_slow","R_unadjusted","HighSigmaR","L20","N200","F1","SSB",100,0.425243135592905,0.535876024979413,1
"567","short_slow","R_unadjusted","HighSigmaR","L20","N200","F1","SSB0",100,0.38527093238406,0.38527093238406,1
"568","short_slow","R_unadjusted","HighSigmaR","L20","N200","F2","Depletion",100,0.0130054822267258,0.172176712388921,1
"569","short_slow","R_unadjusted","HighSigmaR","L20","N200","F2","F",100,-0.30026579869873,0.331101417258856,1
"570","short_slow","R_unadjusted","HighSigmaR","L20","N200","F2","OFL",100,0.464750522197002,0.464750522197002,1
"571","short_slow","R_unadjusted","HighSigmaR","L20","N200","F2","Recruit",100,1.06413260801051,1.06413260801051,1
"572","short_slow","R_unadjusted","HighSigmaR","L20","N200","F2","SPR",100,0.111150381973515,0.119064345951834,1
"573","short_slow","R_unadjusted","HighSigmaR","L20","N200","F2","SSB",100,0.409767887157266,0.409767887157266,1
"574","short_slow","R_unadjusted","HighSigmaR","L20","N200","F2","SSB0",100,0.438113142789254,0.438113142789254,1
"575","short_slow","R_unadjusted","HighSigmaR","L5","N200","F1","Depletion",100,-0.255906714940478,0.318169617078879,1
"576","short_slow","R_unadjusted","HighSigmaR","L5","N200","F1","F",100,-0.0259333603599062,0.334274377679347,1
"577","short_slow","R_unadjusted","HighSigmaR","L5","N200","F1","OFL",100,0.0207530985413551,0.351465348621704,1
"578","short_slow","R_unadjusted","HighSigmaR","L5","N200","F1","Recruit",100,0.674045679598888,0.700252767250822,1
"579","short_slow","R_unadjusted","HighSigmaR","L5","N200","F1","SPR",100,0.00701453341187472,0.212600154849691,1
"580","short_slow","R_unadjusted","HighSigmaR","L5","N200","F1","SSB",100,-0.0423211665568107,0.402947388447007,1
"581","short_slow","R_unadjusted","HighSigmaR","L5","N200","F1","SSB0",100,0.294557151123265,0.294557151123265,1
"582","short_slow","R_unadjusted","HighSigmaR","L75","N200","F1","Depletion",100,-0.0829622914578233,0.266419504585273,1
"583","short_slow","R_unadjusted","HighSigmaR","L75","N200","F1","F",100,0.00970986770248168,0.291233288050663,1
"584","short_slow","R_unadjusted","HighSigmaR","L75","N200","F1","OFL",100,-0.0203301596798112,0.330857088078218,1
"585","short_slow","R_unadjusted","HighSigmaR","L75","N200","F1","Recruit",100,0.334080388934323,0.516676394859964,1
"586","short_slow","R_unadjusted","HighSigmaR","L75","N200","F1","SPR",100,-0.0103538492756935,0.172938144837654,1
"587","short_slow","R_unadjusted","HighSigmaR","L75","N200","F1","SSB",100,-0.01445543428499,0.322479583462682,1
"588","short_slow","R_unadjusted","HighSigmaR","L75","N200","F1","SSB0",100,0.088852489312972,0.123151083663533,1
"589","short_slow","R_unadjusted","LowSigmaR","L1","N200","F1","Depletion",100,-0.000731700427830579,0.31407614891812,1
"590","short_slow","R_unadjusted","LowSigmaR","L1","N200","F1","F",100,-0.052921545772854,0.33081738967885,1
"591","short_slow","R_unadjusted","LowSigmaR","L1","N200","F1","OFL",100,0.0424823378795205,0.333850114734109,1
"592","short_slow","R_unadjusted","LowSigmaR","L1","N200","F1","Recruit",100,0.0993986338266129,0.379470871613642,1
"593","short_slow","R_unadjusted","LowSigmaR","L1","N200","F1","SPR",100,0.0601667884843842,0.209906046033306,1
"594","short_slow","R_unadjusted","LowSigmaR","L1","N200","F1","SSB",100,0.0697634357886237,0.430052258067049,1
"595","short_slow","R_unadjusted","LowSigmaR","L1","N200","F1","SSB0",100,0.0996704237189316,0.115985329675286,1
"596","short_slow","R_unadjusted","LowSigmaR","L10","N200","F1","Depletion",100,-0.0741476480833355,0.153457699802707,1
"597","short_slow","R_unadjusted","LowSigmaR","L10","N200","F1","F",100,0.00969283097785729,0.156994529739697,1
"598","short_slow","R_unadjusted","LowSigmaR","L10","N200","F1","OFL",100,-0.00815366764754901,0.157843256195367,1
"599","short_slow","R_unadjusted","LowSigmaR","L10","N200","F1","Recruit",100,0.15737572787507,0.274994319311997,1
"600","short_slow","R_unadjusted","LowSigmaR","L10","N200","F1","SPR",100,-0.00941706774575484,0.0864478938668884,1
"601","short_slow","R_unadjusted","LowSigmaR","L10","N200","F1","SSB",100,-0.0199298904235045,0.176656659239675,1
"602","short_slow","R_unadjusted","LowSigmaR","L10","N200","F1","SSB0",100,0.0733857252548275,0.0759004494822043,1
"603","short_slow","R_unadjusted","LowSigmaR","L20","N200","F1","Depletion",100,-0.0153336264844472,0.129831626614201,1
"604","short_slow","R_unadjusted","LowSigmaR","L20","N200","F1","F",100,-0.0725769519677134,0.157506926176721,1
"605","short_slow","R_unadjusted","LowSigmaR","L20","N200","F1","OFL",100,0.0754352376460617,0.171575958274372,1
"606","short_slow","R_unadjusted","LowSigmaR","L20","N200","F1","Recruit",100,0.203502644440894,0.291693945554973,1
"607","short_slow","R_unadjusted","LowSigmaR","L20","N200","F1","SPR",100,0.0400087472344752,0.0938692524857711,1
"608","short_slow","R_unadjusted","LowSigmaR","L20","N200","F1","SSB",100,0.0760325165993536,0.169129631059206,1
"609","short_slow","R_unadjusted","LowSigmaR","L20","N200","F1","SSB0",100,0.0867513855184446,0.0867513855184446,1
"610","short_slow","R_unadjusted","LowSigmaR","L75","N200","F1","Depletion",100,-0.0510115422438142,0.149094378785646,1
"611","short_slow","R_unadjusted","LowSigmaR","L75","N200","F1","F",100,0.0461210727374741,0.141112436905495,1
"612","short_slow","R_unadjusted","LowSigmaR","L75","N200","F1","OFL",100,-0.0445593912732115,0.144190803384232,1
"613","short_slow","R_unadjusted","LowSigmaR","L75","N200","F1","Recruit",100,0.0934362675788042,0.261413008119536,1
"614","short_slow","R_unadjusted","LowSigmaR","L75","N200","F1","SPR",100,-0.0227270488525164,0.0826554554964744,1
"615","short_slow","R_unadjusted","LowSigmaR","L75","N200","F1","SSB",100,-0.0218460222547982,0.143856888300741,1
"616","short_slow","R_unadjusted","LowSigmaR","L75","N200","F1","SSB0",100,0.0223630047324337,0.0419758736081562,1
