"","lifehistory","Rest","SigmaR","Lyears","Nsamp","Fscen","variable","year","label","mre","mare","n_nonconverge"
"1","long_fast","R_biasadjusted","HighSigmaR","L100","perfect","F1","F",100,"perfect",0.0205466577577249,0.182304352686377,0
"2","long_fast","R_biasadjusted","HighSigmaR","L100","perfect","F1","Fraction of unfished",100,"perfect",-0.00337808671049516,0.166627405987397,0
"3","long_fast","R_biasadjusted","HighSigmaR","L100","perfect","F1","LN_R0",100,"perfect",0.00115500000000006,0.00632000000000001,0
"4","long_fast","R_biasadjusted","HighSigmaR","L100","perfect","F1","OFL",100,"perfect",-0.0186502635525124,0.181639898126656,0
"5","long_fast","R_biasadjusted","HighSigmaR","L100","perfect","F1","Recruit",100,"perfect",0.324592811308712,0.450482041883361,0
"6","long_fast","R_biasadjusted","HighSigmaR","L100","perfect","F1","Selex_ascend",100,"perfect",-0.000311764705882306,0.00221568627450987,0
"7","long_fast","R_biasadjusted","HighSigmaR","L100","perfect","F1","Selex_peak",100,"perfect",-0.000280952380952403,0.0027797619047619,0
"8","long_fast","R_biasadjusted","HighSigmaR","L100","perfect","F1","SPR",100,"perfect",-0.0109672544174833,0.0969087436896437,0
"9","long_fast","R_biasadjusted","HighSigmaR","L100","perfect","F1","SSB",100,"perfect",-0.0225472414742288,0.176881834043618,0
"10","long_fast","R_biasadjusted","HighSigmaR","L100","perfect","F1","SSB0",100,"perfect",0.0116696367459441,0.063663495156407,0
"11","long_fast","R_biasadjusted","HighSigmaR","L1","N200","F1","F",100,"L1_N200",0.37623634156212,0.487762544986218,1
"12","long_fast","R_biasadjusted","HighSigmaR","L1","N200","F1","Fraction of unfished",100,"L1_N200",-0.212902326157914,0.35488783554834,1
"13","long_fast","R_biasadjusted","HighSigmaR","L1","N200","F1","LN_R0",100,"L1_N200",-0.00490899999999996,0.0148,1
"14","long_fast","R_biasadjusted","HighSigmaR","L1","N200","F1","OFL",100,"L1_N200",-0.266498704674744,0.446696530499742,1
"15","long_fast","R_biasadjusted","HighSigmaR","L1","N200","F1","Recruit",100,"L1_N200",0.261648653285298,0.604919943205665,1
"16","long_fast","R_biasadjusted","HighSigmaR","L1","N200","F1","Selex_ascend",100,"L1_N200",0.0189607843137255,0.140739215686275,1
"17","long_fast","R_biasadjusted","HighSigmaR","L1","N200","F1","Selex_peak",100,"L1_N200",0.0630428571428571,0.257816666666667,1
"18","long_fast","R_biasadjusted","HighSigmaR","L1","N200","F1","SPR",100,"L1_N200",-0.18379199344602,0.261874879591199,1
"19","long_fast","R_biasadjusted","HighSigmaR","L1","N200","F1","SSB",100,"L1_N200",-0.249292545354686,0.490302203138178,1
"20","long_fast","R_biasadjusted","HighSigmaR","L1","N200","F1","SSB0",100,"L1_N200",-0.0478809666220641,0.148162764455242,1
"21","long_fast","R_biasadjusted","HighSigmaR","L1","N50","F1","F",100,"L1_N50",0.0172732796389103,0.563689118703005,8
"22","long_fast","R_biasadjusted","HighSigmaR","L1","N50","F1","Fraction of unfished",100,"L1_N50",0.108176634486332,0.514511810199105,8
"23","long_fast","R_biasadjusted","HighSigmaR","L1","N50","F1","LN_R0",100,"L1_N50",-0.001492,0.01418,8
"24","long_fast","R_biasadjusted","HighSigmaR","L1","N50","F1","OFL",100,"L1_N50",0.00953838622125506,0.615215536124427,8
"25","long_fast","R_biasadjusted","HighSigmaR","L1","N50","F1","Recruit",100,"L1_N50",0.622466069006282,0.715614015194467,8
"26","long_fast","R_biasadjusted","HighSigmaR","L1","N50","F1","Selex_ascend",100,"L1_N50",-0.0198098039215686,0.128013725490196,8
"27","long_fast","R_biasadjusted","HighSigmaR","L1","N50","F1","Selex_peak",100,"L1_N50",-0.00991666666666665,0.235647619047619,8
"28","long_fast","R_biasadjusted","HighSigmaR","L1","N50","F1","SPR",100,"L1_N50",-0.0071730912750147,0.31649698767575,8
"29","long_fast","R_biasadjusted","HighSigmaR","L1","N50","F1","SSB",100,"L1_N50",0.0287622350563924,0.626764346335255,8
"30","long_fast","R_biasadjusted","HighSigmaR","L1","N50","F1","SSB0",100,"L1_N50",-0.0147866784236587,0.148569737255893,8
"31","long_fast","R_biasadjusted","HighSigmaR","L10","N200","F1","F",100,"L10_N200",0.0438968382819418,0.243585720439572,0
"32","long_fast","R_biasadjusted","HighSigmaR","L10","N200","F1","Fraction of unfished",100,"L10_N200",-0.00652607749489277,0.20798956076575,0
"33","long_fast","R_biasadjusted","HighSigmaR","L10","N200","F1","LN_R0",100,"L10_N200",-0.00109700000000004,0.00966399999999998,0
"34","long_fast","R_biasadjusted","HighSigmaR","L10","N200","F1","OFL",100,"L10_N200",-0.0313284513558595,0.257915008102795,0
"35","long_fast","R_biasadjusted","HighSigmaR","L10","N200","F1","Recruit",100,"L10_N200",0.296535560437367,0.546960780443223,0
"36","long_fast","R_biasadjusted","HighSigmaR","L10","N200","F1","Selex_ascend",100,"L10_N200",0.0116519607843138,0.0146823529411765,0
"37","long_fast","R_biasadjusted","HighSigmaR","L10","N200","F1","Selex_peak",100,"L10_N200",0.0206440476190476,0.023997619047619,0
"38","long_fast","R_biasadjusted","HighSigmaR","L10","N200","F1","SPR",100,"L10_N200",-0.0212826646865069,0.137543791394909,0
"39","long_fast","R_biasadjusted","HighSigmaR","L10","N200","F1","SSB",100,"L10_N200",-0.0613093943077181,0.252211477888118,0
"40","long_fast","R_biasadjusted","HighSigmaR","L10","N200","F1","SSB0",100,"L10_N200",-0.0108741899083078,0.0985891609577427,0
"41","long_fast","R_biasadjusted","HighSigmaR","L10","N50","F1","F",100,"L10_N50",0.0154789288920801,0.305050462279938,0
"42","long_fast","R_biasadjusted","HighSigmaR","L10","N50","F1","Fraction of unfished",100,"L10_N50",-0.0249065954467662,0.312574166216686,0
"43","long_fast","R_biasadjusted","HighSigmaR","L10","N50","F1","LN_R0",100,"L10_N50",-0.00102649999999995,0.010616,0
"44","long_fast","R_biasadjusted","HighSigmaR","L10","N50","F1","OFL",100,"L10_N50",-0.0436731538343636,0.359052972147041,0
"45","long_fast","R_biasadjusted","HighSigmaR","L10","N50","F1","Recruit",100,"L10_N50",0.494092645168777,0.663341815292697,0
"46","long_fast","R_biasadjusted","HighSigmaR","L10","N50","F1","Selex_ascend",100,"L10_N50",-0.0281509803921568,0.034820588235294,0
"47","long_fast","R_biasadjusted","HighSigmaR","L10","N50","F1","Selex_peak",100,"L10_N50",-0.0266273809523809,0.0407011904761905,0
"48","long_fast","R_biasadjusted","HighSigmaR","L10","N50","F1","SPR",100,"L10_N50",-0.0149250800075566,0.181842072284559,0
"49","long_fast","R_biasadjusted","HighSigmaR","L10","N50","F1","SSB",100,"L10_N50",-0.0420039999949524,0.398533518027008,0
"50","long_fast","R_biasadjusted","HighSigmaR","L10","N50","F1","SSB0",100,"L10_N50",-0.0101804862708342,0.105754348751025,0
"51","long_fast","R_biasadjusted","HighSigmaR","L20","N200","F1","F",100,"L20_N200",-0.00849257899308796,0.281938850148347,0
"52","long_fast","R_biasadjusted","HighSigmaR","L20","N200","F1","Fraction of unfished",100,"L20_N200",-0.0267501616943494,0.211669583798556,0
"53","long_fast","R_biasadjusted","HighSigmaR","L20","N200","F1","LN_R0",100,"L20_N200",0.000490000000000013,0.00879599999999998,0
"54","long_fast","R_biasadjusted","HighSigmaR","L20","N200","F1","OFL",100,"L20_N200",0.0109224271925241,0.279236042394547,0
"55","long_fast","R_biasadjusted","HighSigmaR","L20","N200","F1","Recruit",100,"L20_N200",0.355865140746379,0.561348673126015,0
"56","long_fast","R_biasadjusted","HighSigmaR","L20","N200","F1","Selex_ascend",100,"L20_N200",-0.00386470588235283,0.00908235294117641,0
"57","long_fast","R_biasadjusted","HighSigmaR","L20","N200","F1","Selex_peak",100,"L20_N200",-0.00201547619047619,0.0106083333333334,0
"58","long_fast","R_biasadjusted","HighSigmaR","L20","N200","F1","SPR",100,"L20_N200",0.00463679094413594,0.148312780447294,0
"59","long_fast","R_biasadjusted","HighSigmaR","L20","N200","F1","SSB",100,"L20_N200",0.00779868172753825,0.274861308821613,0
"60","long_fast","R_biasadjusted","HighSigmaR","L20","N200","F1","SSB0",100,"L20_N200",0.00492375426242346,0.08714150937579,0
"61","long_fast","R_biasadjusted","HighSigmaR","L20","N50","F1","F",100,"L20_N50",-0.0562522852187184,0.277071975442526,0
"62","long_fast","R_biasadjusted","HighSigmaR","L20","N50","F1","Fraction of unfished",100,"L20_N50",0.0526390109365906,0.227915875554901,0
"63","long_fast","R_biasadjusted","HighSigmaR","L20","N50","F1","LN_R0",100,"L20_N50",0.000260000000000016,0.00998949999999992,0
"64","long_fast","R_biasadjusted","HighSigmaR","L20","N50","F1","OFL",100,"L20_N50",0.0467946887181102,0.302337686983583,0
"65","long_fast","R_biasadjusted","HighSigmaR","L20","N50","F1","Recruit",100,"L20_N50",0.507693862719405,0.590424150190092,0
"66","long_fast","R_biasadjusted","HighSigmaR","L20","N50","F1","Selex_ascend",100,"L20_N50",0.0137049019607845,0.0197019607843138,0
"67","long_fast","R_biasadjusted","HighSigmaR","L20","N50","F1","Selex_peak",100,"L20_N50",0.00835714285714284,0.0213511904761904,0
"68","long_fast","R_biasadjusted","HighSigmaR","L20","N50","F1","SPR",100,"L20_N50",0.0268434470491193,0.155247392155799,0
"69","long_fast","R_biasadjusted","HighSigmaR","L20","N50","F1","SSB",100,"L20_N50",0.0752567431218352,0.290538226567922,0
"70","long_fast","R_biasadjusted","HighSigmaR","L20","N50","F1","SSB0",100,"L20_N50",0.00263607382239954,0.0966961208092592,0
"71","long_fast","R_biasadjusted","HighSigmaR","L20","Ndecline","F1","F",100,"L20_Ndecline",0.0882794272697034,0.312935539204681,0
"72","long_fast","R_biasadjusted","HighSigmaR","L20","Ndecline","F1","Fraction of unfished",100,"L20_Ndecline",-0.0610555419108279,0.249344099908963,0
"73","long_fast","R_biasadjusted","HighSigmaR","L20","Ndecline","F1","LN_R0",100,"L20_Ndecline",-0.00210150000000002,0.010419,0
"74","long_fast","R_biasadjusted","HighSigmaR","L20","Ndecline","F1","OFL",100,"L20_Ndecline",-0.0849028462643226,0.314850715739996,0
"75","long_fast","R_biasadjusted","HighSigmaR","L20","Ndecline","F1","Recruit",100,"L20_Ndecline",0.402638624579211,0.582079743408595,0
"76","long_fast","R_biasadjusted","HighSigmaR","L20","Ndecline","F1","Selex_ascend",100,"L20_Ndecline",0.00138137254901973,0.0187578431372549,0
"77","long_fast","R_biasadjusted","HighSigmaR","L20","Ndecline","F1","Selex_peak",100,"L20_Ndecline",-0.00331428571428577,0.020772619047619,0
"78","long_fast","R_biasadjusted","HighSigmaR","L20","Ndecline","F1","SPR",100,"L20_Ndecline",-0.0384980837465421,0.180537448773654,0
"79","long_fast","R_biasadjusted","HighSigmaR","L20","Ndecline","F1","SSB",100,"L20_Ndecline",-0.0613884323404123,0.318271355073037,0
"80","long_fast","R_biasadjusted","HighSigmaR","L20","Ndecline","F1","SSB0",100,"L20_Ndecline",-0.0207710284695973,0.10806669420927,0
"81","long_fast","R_biasadjusted","HighSigmaR","L75","N200","F1","F",100,"L75_N200",0.176866204997737,0.24274865443497,0
"82","long_fast","R_biasadjusted","HighSigmaR","L75","N200","F1","Fraction of unfished",100,"L75_N200",-0.0782015284097169,0.17544211043058,0
"83","long_fast","R_biasadjusted","HighSigmaR","L75","N200","F1","LN_R0",100,"L75_N200",-0.002095,0.00721150000000001,0
"84","long_fast","R_biasadjusted","HighSigmaR","L75","N200","F1","OFL",100,"L75_N200",-0.15696529338867,0.216668010251409,0
"85","long_fast","R_biasadjusted","HighSigmaR","L75","N200","F1","Recruit",100,"L75_N200",0.350049246938371,0.517232749847205,0
"86","long_fast","R_biasadjusted","HighSigmaR","L75","N200","F1","Selex_ascend",100,"L75_N200",-0.00458725490196075,0.00606862745098036,0
"87","long_fast","R_biasadjusted","HighSigmaR","L75","N200","F1","Selex_peak",100,"L75_N200",-0.0037261904761905,0.00749404761904762,0
"88","long_fast","R_biasadjusted","HighSigmaR","L75","N200","F1","SPR",100,"L75_N200",-0.0896262323782305,0.123565147941501,0
"89","long_fast","R_biasadjusted","HighSigmaR","L75","N200","F1","SSB",100,"L75_N200",-0.151769217002536,0.212954974797242,0
"90","long_fast","R_biasadjusted","HighSigmaR","L75","N200","F1","SSB0",100,"L75_N200",-0.0207062827967664,0.071550134732662,0
"91","long_fast","R_biasadjusted","HighSigmaR","L75","N50","F1","F",100,"L75_N50",0.0568337524694998,0.217226236468711,0
"92","long_fast","R_biasadjusted","HighSigmaR","L75","N50","F1","Fraction of unfished",100,"L75_N50",0.0235325812886677,0.195082562237887,0
"93","long_fast","R_biasadjusted","HighSigmaR","L75","N50","F1","LN_R0",100,"L75_N50",-0.0038125,0.00804999999999998,0
"94","long_fast","R_biasadjusted","HighSigmaR","L75","N50","F1","OFL",100,"L75_N50",-0.0647678450336931,0.219328601994767,0
"95","long_fast","R_biasadjusted","HighSigmaR","L75","N50","F1","Recruit",100,"L75_N50",0.444246426876084,0.590300905222232,0
"96","long_fast","R_biasadjusted","HighSigmaR","L75","N50","F1","Selex_ascend",100,"L75_N50",0.00151078431372559,0.00939803921568628,0
"97","long_fast","R_biasadjusted","HighSigmaR","L75","N50","F1","Selex_peak",100,"L75_N50",0.00120714285714284,0.0106678571428571,0
"98","long_fast","R_biasadjusted","HighSigmaR","L75","N50","F1","SPR",100,"L75_N50",-0.0248738863939459,0.116204078655237,0
"99","long_fast","R_biasadjusted","HighSigmaR","L75","N50","F1","SSB",100,"L75_N50",-0.0344527851722693,0.232380289081533,0
"100","long_fast","R_biasadjusted","HighSigmaR","L75","N50","F1","SSB0",100,"L75_N50",-0.0373767519870755,0.0807286046382567,0
"101","long_fast","R_unadjusted","HighSigmaR","L1","N50","F1","F",100,"L1_N50",0.215961513183137,0.60425085343098,12
"102","long_fast","R_unadjusted","HighSigmaR","L1","N50","F1","Fraction of unfished",100,"L1_N50",-0.399487400381478,0.464057224104745,12
"103","long_fast","R_unadjusted","HighSigmaR","L1","N50","F1","LN_R0",100,"L1_N50",0.032455,0.032455,12
"104","long_fast","R_unadjusted","HighSigmaR","L1","N50","F1","OFL",100,"L1_N50",-0.158626318699613,0.615086203740307,12
"105","long_fast","R_unadjusted","HighSigmaR","L1","N50","F1","Recruit",100,"L1_N50",0.740352376464875,1,12
"106","long_fast","R_unadjusted","HighSigmaR","L1","N50","F1","Selex_ascend",100,"L1_N50",-0.0275470588235294,0.148737254901961,12
"107","long_fast","R_unadjusted","HighSigmaR","L1","N50","F1","Selex_peak",100,"L1_N50",-0.0166202380952381,0.29554880952381,12
"108","long_fast","R_unadjusted","HighSigmaR","L1","N50","F1","SPR",100,"L1_N50",-0.0299885716850873,0.360979505720704,12
"109","long_fast","R_unadjusted","HighSigmaR","L1","N50","F1","SSB",100,"L1_N50",-0.190309383270089,0.613468935189907,12
"110","long_fast","R_unadjusted","HighSigmaR","L1","N50","F1","SSB0",100,"L1_N50",0.383488620177218,0.383488620177218,12
"111","long_fast","R_unadjusted","HighSigmaR","L10","N50","F1","F",100,"L10_N50",-0.0430364905758129,0.34092835242729,0
"112","long_fast","R_unadjusted","HighSigmaR","L10","N50","F1","Fraction of unfished",100,"L10_N50",-0.318450207269172,0.358837609811292,0
"113","long_fast","R_unadjusted","HighSigmaR","L10","N50","F1","LN_R0",100,"L10_N50",0.0378200000000001,0.0378200000000001,0
"114","long_fast","R_unadjusted","HighSigmaR","L10","N50","F1","OFL",100,"L10_N50",0.0333252527280406,0.344760896890738,0
"115","long_fast","R_unadjusted","HighSigmaR","L10","N50","F1","Recruit",100,"L10_N50",0.956831785611012,0.956831785611012,0
"116","long_fast","R_unadjusted","HighSigmaR","L10","N50","F1","Selex_ascend",100,"L10_N50",-0.0269294117647058,0.0324666666666665,0
"117","long_fast","R_unadjusted","HighSigmaR","L10","N50","F1","Selex_peak",100,"L10_N50",-0.0234940476190476,0.0397035714285715,0
"118","long_fast","R_unadjusted","HighSigmaR","L10","N50","F1","SPR",100,"L10_N50",0.0229548272940331,0.185354736017148,0
"119","long_fast","R_unadjusted","HighSigmaR","L10","N50","F1","SSB",100,"L10_N50",0.0422831129936697,0.382359996780105,0
"120","long_fast","R_unadjusted","HighSigmaR","L10","N50","F1","SSB0",100,"L10_N50",0.459712775862813,0.459712775862813,0
"121","long_fast","R_unadjusted","HighSigmaR","L20","N50","F1","F",100,"L20_N50",-0.16184383795896,0.276164588729961,0
"122","long_fast","R_unadjusted","HighSigmaR","L20","N50","F1","Fraction of unfished",100,"L20_N50",-0.184684998603264,0.25372095057956,0
"123","long_fast","R_unadjusted","HighSigmaR","L20","N50","F1","LN_R0",100,"L20_N50",0.036775,0.036775,0
"124","long_fast","R_unadjusted","HighSigmaR","L20","N50","F1","OFL",100,"L20_N50",0.203209053732023,0.306630277132137,0
"125","long_fast","R_unadjusted","HighSigmaR","L20","N50","F1","Recruit",100,"L20_N50",1.0521112154387,1.0521112154387,0
"126","long_fast","R_unadjusted","HighSigmaR","L20","N50","F1","Selex_ascend",100,"L20_N50",0.0144264705882354,0.0203803921568628,0
"127","long_fast","R_unadjusted","HighSigmaR","L20","N50","F1","Selex_peak",100,"L20_N50",0.010527380952381,0.022322619047619,0
"128","long_fast","R_unadjusted","HighSigmaR","L20","N50","F1","SPR",100,"L20_N50",0.0948157347882768,0.15553637327757,0
"129","long_fast","R_unadjusted","HighSigmaR","L20","N50","F1","SSB",100,"L20_N50",0.206155313215388,0.320474380557936,0
"130","long_fast","R_unadjusted","HighSigmaR","L20","N50","F1","SSB0",100,"L20_N50",0.444491376493004,0.444491376493004,0
"131","long_fast","R_unadjusted","HighSigmaR","L20","Ndecline","F1","F",100,"L20_Ndecline",-0.0688146585434561,0.31827047546324,0
"132","long_fast","R_unadjusted","HighSigmaR","L20","Ndecline","F1","Fraction of unfished",100,"L20_Ndecline",-0.232136524326784,0.281414006686148,0
"133","long_fast","R_unadjusted","HighSigmaR","L20","Ndecline","F1","LN_R0",100,"L20_Ndecline",0.03527,0.03527,0
"134","long_fast","R_unadjusted","HighSigmaR","L20","Ndecline","F1","OFL",100,"L20_Ndecline",0.0839969465825094,0.356052421452363,0
"135","long_fast","R_unadjusted","HighSigmaR","L20","Ndecline","F1","Recruit",100,"L20_Ndecline",0.973361737458392,0.973361737458392,0
"136","long_fast","R_unadjusted","HighSigmaR","L20","Ndecline","F1","Selex_ascend",100,"L20_Ndecline",0.00119705882352946,0.018585294117647,0
"137","long_fast","R_unadjusted","HighSigmaR","L20","Ndecline","F1","Selex_peak",100,"L20_Ndecline",-0.00170238095238096,0.0197392857142857,0
"138","long_fast","R_unadjusted","HighSigmaR","L20","Ndecline","F1","SPR",100,"L20_Ndecline",0.0453616191920872,0.178728744924126,0
"139","long_fast","R_unadjusted","HighSigmaR","L20","Ndecline","F1","SSB",100,"L20_Ndecline",0.075897694615525,0.343159172299906,0
"140","long_fast","R_unadjusted","HighSigmaR","L20","Ndecline","F1","SSB0",100,"L20_Ndecline",0.42291256867666,0.42291256867666,0
"141","long_fast","R_unadjusted","HighSigmaR","L75","N50","F1","F",100,"L75_N50",0.0639005045031732,0.226727949282183,0
"142","long_fast","R_unadjusted","HighSigmaR","L75","N50","F1","Fraction of unfished",100,"L75_N50",-0.170833348902397,0.243102625199431,0
"143","long_fast","R_unadjusted","HighSigmaR","L75","N50","F1","LN_R0",100,"L75_N50",0.016905,0.01744,0
"144","long_fast","R_unadjusted","HighSigmaR","L75","N50","F1","OFL",100,"L75_N50",-0.0613030605315222,0.224302829164961,0
"145","long_fast","R_unadjusted","HighSigmaR","L75","N50","F1","Recruit",100,"L75_N50",0.688084744464178,0.69470798045411,0
"146","long_fast","R_unadjusted","HighSigmaR","L75","N50","F1","Selex_ascend",100,"L75_N50",0.00164803921568632,0.00943333333333331,0
"147","long_fast","R_unadjusted","HighSigmaR","L75","N50","F1","Selex_peak",100,"L75_N50",0.00152142857142858,0.0105190476190476,0
"148","long_fast","R_unadjusted","HighSigmaR","L75","N50","F1","SPR",100,"L75_N50",-0.0320058282535628,0.12562448913936,0
"149","long_fast","R_unadjusted","HighSigmaR","L75","N50","F1","SSB",100,"L75_N50",-0.0443386765102425,0.226477722887896,0
"150","long_fast","R_unadjusted","HighSigmaR","L75","N50","F1","SSB0",100,"L75_N50",0.184201439203813,0.190528016377572,0
"151","long_fast","R_unadjusted_change_CV_0.075","HighSigmaR","L100","perfect","F1","F",100,"perfect",-0.224512174112651,0.241866851805655,0
"152","long_fast","R_unadjusted_change_CV_0.075","HighSigmaR","L100","perfect","F1","Fraction of unfished",100,"perfect",-0.00107470743298517,0.176684159295693,0
"153","long_fast","R_unadjusted_change_CV_0.075","HighSigmaR","L100","perfect","F1","LN_R0",100,"perfect",0.0265849999999999,0.0265849999999999,0
"154","long_fast","R_unadjusted_change_CV_0.075","HighSigmaR","L100","perfect","F1","OFL",100,"perfect",0.27112454593416,0.27112454593416,0
"155","long_fast","R_unadjusted_change_CV_0.075","HighSigmaR","L100","perfect","F1","Recruit",100,"perfect",0.905602294950747,0.905602294950747,0
"156","long_fast","R_unadjusted_change_CV_0.075","HighSigmaR","L100","perfect","F1","Selex_ascend",100,"perfect",-0.0176382352941176,0.0176382352941176,0
"157","long_fast","R_unadjusted_change_CV_0.075","HighSigmaR","L100","perfect","F1","Selex_peak",100,"perfect",-0.0310035714285715,0.0310035714285715,0
"158","long_fast","R_unadjusted_change_CV_0.075","HighSigmaR","L100","perfect","F1","SPR",100,"perfect",0.126646678026399,0.135993206605603,0
"159","long_fast","R_unadjusted_change_CV_0.075","HighSigmaR","L100","perfect","F1","SSB",100,"perfect",0.312595790920148,0.312595790920148,0
"160","long_fast","R_unadjusted_change_CV_0.075","HighSigmaR","L100","perfect","F1","SSB0",100,"perfect",0.285916891221103,0.285916891221103,0
"161","long_fast","R_unadjusted_change_CV_0.075","HighSigmaR","L20","N200","F1","F",100,"L20_N200",-0.370366791098888,0.41599923655152,0
"162","long_fast","R_unadjusted_change_CV_0.075","HighSigmaR","L20","N200","F1","Fraction of unfished",100,"L20_N200",0.0354469595763958,0.206372107253429,0
"163","long_fast","R_unadjusted_change_CV_0.075","HighSigmaR","L20","N200","F1","LN_R0",100,"L20_N200",0.044805,0.044805,0
"164","long_fast","R_unadjusted_change_CV_0.075","HighSigmaR","L20","N200","F1","OFL",100,"L20_N200",0.567621080927528,0.567621080927528,0
"165","long_fast","R_unadjusted_change_CV_0.075","HighSigmaR","L20","N200","F1","Recruit",100,"L20_N200",1.46027295819954,1.46027295819954,0
"166","long_fast","R_unadjusted_change_CV_0.075","HighSigmaR","L20","N200","F1","Selex_ascend",100,"L20_N200",-0.0220990196078431,0.0220990196078431,0
"167","long_fast","R_unadjusted_change_CV_0.075","HighSigmaR","L20","N200","F1","Selex_peak",100,"L20_N200",-0.032872619047619,0.032872619047619,0
"168","long_fast","R_unadjusted_change_CV_0.075","HighSigmaR","L20","N200","F1","SPR",100,"L20_N200",0.225013420320704,0.250546632574999,0
"169","long_fast","R_unadjusted_change_CV_0.075","HighSigmaR","L20","N200","F1","SSB",100,"L20_N200",0.601328881068258,0.601328881068258,0
"170","long_fast","R_unadjusted_change_CV_0.075","HighSigmaR","L20","N200","F1","SSB0",100,"L20_N200",0.543003459268806,0.543003459268806,0
"171","long_fast","R_unadjusted_change_CV_0.075","HighSigmaR","L75","N200","F1","F",100,"L75_N200",-0.237988909994894,0.258873394592118,0
"172","long_fast","R_unadjusted_change_CV_0.075","HighSigmaR","L75","N200","F1","Fraction of unfished",100,"L75_N200",0.0265986889703566,0.21227714771693,0
"173","long_fast","R_unadjusted_change_CV_0.075","HighSigmaR","L75","N200","F1","LN_R0",100,"L75_N200",0.02588,0.02588,0
"174","long_fast","R_unadjusted_change_CV_0.075","HighSigmaR","L75","N200","F1","OFL",100,"L75_N200",0.289151719130272,0.305429545071296,0
"175","long_fast","R_unadjusted_change_CV_0.075","HighSigmaR","L75","N200","F1","Recruit",100,"L75_N200",0.848953130446323,0.848953130446323,0
"176","long_fast","R_unadjusted_change_CV_0.075","HighSigmaR","L75","N200","F1","Selex_ascend",100,"L75_N200",-0.0202392156862744,0.0202392156862744,0
"177","long_fast","R_unadjusted_change_CV_0.075","HighSigmaR","L75","N200","F1","Selex_peak",100,"L75_N200",-0.0323119047619048,0.0323119047619048,0
"178","long_fast","R_unadjusted_change_CV_0.075","HighSigmaR","L75","N200","F1","SPR",100,"L75_N200",0.132813479052142,0.143658220437418,0
"179","long_fast","R_unadjusted_change_CV_0.075","HighSigmaR","L75","N200","F1","SSB",100,"L75_N200",0.317567882463722,0.32900623990682,0
"180","long_fast","R_unadjusted_change_CV_0.075","HighSigmaR","L75","N200","F1","SSB0",100,"L75_N200",0.27690799331578,0.27690799331578,0
"181","long_fast","R_unadjusted_change_CV_0.125","HighSigmaR","L100","perfect","F1","F",100,"perfect",1.93536465054854,1.93536465054854,0
"182","long_fast","R_unadjusted_change_CV_0.125","HighSigmaR","L100","perfect","F1","Fraction of unfished",100,"perfect",-0.570180423316071,0.570180423316071,0
"183","long_fast","R_unadjusted_change_CV_0.125","HighSigmaR","L100","perfect","F1","LN_R0",100,"perfect",-0.0292085,0.0292085,0
"184","long_fast","R_unadjusted_change_CV_0.125","HighSigmaR","L100","perfect","F1","OFL",100,"perfect",-0.672094331514345,0.672094331514345,0
"185","long_fast","R_unadjusted_change_CV_0.125","HighSigmaR","L100","perfect","F1","Recruit",100,"perfect",-0.379306020926893,0.45780447377994,0
"186","long_fast","R_unadjusted_change_CV_0.125","HighSigmaR","L100","perfect","F1","Selex_ascend",100,"perfect",0.0356598039215687,0.0356598039215687,0
"187","long_fast","R_unadjusted_change_CV_0.125","HighSigmaR","L100","perfect","F1","Selex_peak",100,"perfect",0.064672619047619,0.064672619047619,0
"188","long_fast","R_unadjusted_change_CV_0.125","HighSigmaR","L100","perfect","F1","SPR",100,"perfect",-0.552612333227966,0.552612333227966,0
"189","long_fast","R_unadjusted_change_CV_0.125","HighSigmaR","L100","perfect","F1","SSB",100,"perfect",-0.6713448155876,0.6713448155876,0
"190","long_fast","R_unadjusted_change_CV_0.125","HighSigmaR","L100","perfect","F1","SSB0",100,"perfect",-0.239222928600938,0.239222928600938,0
"191","long_fast","R_unadjusted_change_CV_0.125","HighSigmaR","L20","N200","F1","F",100,"L20_N200",0.377798232203545,0.402154292010139,0
"192","long_fast","R_unadjusted_change_CV_0.125","HighSigmaR","L20","N200","F1","Fraction of unfished",100,"L20_N200",-0.457182454262929,0.457182454262929,0
"193","long_fast","R_unadjusted_change_CV_0.125","HighSigmaR","L20","N200","F1","LN_R0",100,"L20_N200",0.025855,0.025855,0
"194","long_fast","R_unadjusted_change_CV_0.125","HighSigmaR","L20","N200","F1","OFL",100,"L20_N200",-0.255672199792035,0.319649693707398,0
"195","long_fast","R_unadjusted_change_CV_0.125","HighSigmaR","L20","N200","F1","Recruit",100,"L20_N200",0.518634622048203,0.578761722087008,0
"196","long_fast","R_unadjusted_change_CV_0.125","HighSigmaR","L20","N200","F1","Selex_ascend",100,"L20_N200",0.0436068627450981,0.0436068627450981,0
"197","long_fast","R_unadjusted_change_CV_0.125","HighSigmaR","L20","N200","F1","Selex_peak",100,"L20_N200",0.0943202380952381,0.0943202380952381,0
"198","long_fast","R_unadjusted_change_CV_0.125","HighSigmaR","L20","N200","F1","SPR",100,"L20_N200",-0.167197556472897,0.192533438576081,0
"199","long_fast","R_unadjusted_change_CV_0.125","HighSigmaR","L20","N200","F1","SSB",100,"L20_N200",-0.313260922251729,0.35632380324533,0
"200","long_fast","R_unadjusted_change_CV_0.125","HighSigmaR","L20","N200","F1","SSB0",100,"L20_N200",0.319501396656657,0.319501396656657,0
"201","long_fast","R_unadjusted_change_CV_0.125","HighSigmaR","L75","N200","F1","F",100,"L75_N200",0.923877126385168,0.923877126385168,0
"202","long_fast","R_unadjusted_change_CV_0.125","HighSigmaR","L75","N200","F1","Fraction of unfished",100,"L75_N200",-0.458441586219664,0.458441586219664,0
"203","long_fast","R_unadjusted_change_CV_0.125","HighSigmaR","L75","N200","F1","LN_R0",100,"L75_N200",-0.00504799999999994,0.00667799999999996,0
"204","long_fast","R_unadjusted_change_CV_0.125","HighSigmaR","L75","N200","F1","OFL",100,"L75_N200",-0.479998053225365,0.479998053225365,0
"205","long_fast","R_unadjusted_change_CV_0.125","HighSigmaR","L75","N200","F1","Recruit",100,"L75_N200",0.0694603202326783,0.480520528247902,0
"206","long_fast","R_unadjusted_change_CV_0.125","HighSigmaR","L75","N200","F1","Selex_ascend",100,"L75_N200",0.0276245098039216,0.0276245098039216,0
"207","long_fast","R_unadjusted_change_CV_0.125","HighSigmaR","L75","N200","F1","Selex_peak",100,"L75_N200",0.0555892857142857,0.0555892857142857,0
"208","long_fast","R_unadjusted_change_CV_0.125","HighSigmaR","L75","N200","F1","SPR",100,"L75_N200",-0.344135366613235,0.344135366613235,0
"209","long_fast","R_unadjusted_change_CV_0.125","HighSigmaR","L75","N200","F1","SSB",100,"L75_N200",-0.493955705132484,0.493955705132484,0
"210","long_fast","R_unadjusted_change_CV_0.125","HighSigmaR","L75","N200","F1","SSB0",100,"L75_N200",-0.0313060743773625,0.0692717036744711,0
"211","long_fast","R_unadjusted_change_Linf_49.5","HighSigmaR","L100","perfect","F1","F",100,"perfect",-0.918407806558212,0.918407806558212,63
"212","long_fast","R_unadjusted_change_Linf_49.5","HighSigmaR","L100","perfect","F1","Fraction of unfished",100,"perfect",5.38641882722663,5.38641882722663,63
"213","long_fast","R_unadjusted_change_Linf_49.5","HighSigmaR","L100","perfect","F1","LN_R0",100,"perfect",0.0914999999999999,0.0914999999999999,63
"214","long_fast","R_unadjusted_change_Linf_49.5","HighSigmaR","L100","perfect","F1","OFL",100,"perfect",13.9441317408695,13.9441317408695,63
"215","long_fast","R_unadjusted_change_Linf_49.5","HighSigmaR","L100","perfect","F1","Recruit",100,"perfect",2.64445767680469,2.64445767680469,63
"216","long_fast","R_unadjusted_change_Linf_49.5","HighSigmaR","L100","perfect","F1","Selex_ascend",100,"perfect",0.412378431372549,0.412378431372549,63
"217","long_fast","R_unadjusted_change_Linf_49.5","HighSigmaR","L100","perfect","F1","Selex_peak",100,"perfect",1.65609523809524,1.65609523809524,63
"218","long_fast","R_unadjusted_change_Linf_49.5","HighSigmaR","L100","perfect","F1","SPR",100,"perfect",0.759145177007951,0.759145177007951,63
"219","long_fast","R_unadjusted_change_Linf_49.5","HighSigmaR","L100","perfect","F1","SSB",100,"perfect",9.85091920074229,9.85091920074229,63
"220","long_fast","R_unadjusted_change_Linf_49.5","HighSigmaR","L100","perfect","F1","SSB0",100,"perfect",0.654615749847385,0.654615749847385,63
"221","long_fast","R_unadjusted_change_Linf_49.5","HighSigmaR","L20","N200","F1","F",100,"L20_N200",-0.821144996566379,0.821144996566379,99
"222","long_fast","R_unadjusted_change_Linf_49.5","HighSigmaR","L20","N200","F1","Fraction of unfished",100,"L20_N200",0.943417017605303,0.943417017605303,99
"223","long_fast","R_unadjusted_change_Linf_49.5","HighSigmaR","L20","N200","F1","LN_R0",100,"L20_N200",0.12446,0.12446,99
"224","long_fast","R_unadjusted_change_Linf_49.5","HighSigmaR","L20","N200","F1","OFL",100,"L20_N200",5.64780367548185,5.64780367548185,99
"225","long_fast","R_unadjusted_change_Linf_49.5","HighSigmaR","L20","N200","F1","Recruit",100,"L20_N200",3.5378571376364,3.5378571376364,99
"226","long_fast","R_unadjusted_change_Linf_49.5","HighSigmaR","L20","N200","F1","Selex_ascend",100,"L20_N200",0.409039215686275,0.409039215686275,99
"227","long_fast","R_unadjusted_change_Linf_49.5","HighSigmaR","L20","N200","F1","Selex_peak",100,"L20_N200",1.86892857142857,1.86892857142857,99
"228","long_fast","R_unadjusted_change_Linf_49.5","HighSigmaR","L20","N200","F1","SPR",100,"L20_N200",0.637834642944652,0.637834642944652,99
"229","long_fast","R_unadjusted_change_Linf_49.5","HighSigmaR","L20","N200","F1","SSB",100,"L20_N200",3.47132317567781,3.47132317567781,99
"230","long_fast","R_unadjusted_change_Linf_49.5","HighSigmaR","L20","N200","F1","SSB0",100,"L20_N200",1.30075906593576,1.30075906593576,99
"231","long_fast","R_unadjusted_change_Linf_49.5","HighSigmaR","L75","N200","F1","F",100,"L75_N200",-0.822108685876371,0.822108685876371,93
"232","long_fast","R_unadjusted_change_Linf_49.5","HighSigmaR","L75","N200","F1","Fraction of unfished",100,"L75_N200",0.618147357691205,0.618147357691205,93
"233","long_fast","R_unadjusted_change_Linf_49.5","HighSigmaR","L75","N200","F1","LN_R0",100,"L75_N200",0.16487,0.16487,93
"234","long_fast","R_unadjusted_change_Linf_49.5","HighSigmaR","L75","N200","F1","OFL",100,"L75_N200",4.15691534384644,4.15691534384644,93
"235","long_fast","R_unadjusted_change_Linf_49.5","HighSigmaR","L75","N200","F1","Recruit",100,"L75_N200",5.55153200712056,5.55153200712056,93
"236","long_fast","R_unadjusted_change_Linf_49.5","HighSigmaR","L75","N200","F1","Selex_ascend",100,"L75_N200",-0.0686509803921568,0.0686509803921568,93
"237","long_fast","R_unadjusted_change_Linf_49.5","HighSigmaR","L75","N200","F1","Selex_peak",100,"L75_N200",-0.1335,0.1335,93
"238","long_fast","R_unadjusted_change_Linf_49.5","HighSigmaR","L75","N200","F1","SPR",100,"L75_N200",0.640039877524376,0.640039877524376,93
"239","long_fast","R_unadjusted_change_Linf_49.5","HighSigmaR","L75","N200","F1","SSB",100,"L75_N200",4.79934110247675,4.79934110247675,93
"240","long_fast","R_unadjusted_change_Linf_49.5","HighSigmaR","L75","N200","F1","SSB0",100,"L75_N200",2.44641833104154,2.44641833104154,93
"241","long_fast","R_unadjusted_change_Linf_60.5","HighSigmaR","L100","perfect","F1","F",100,"perfect",10.334436872789,10.334436872789,4
"242","long_fast","R_unadjusted_change_Linf_60.5","HighSigmaR","L100","perfect","F1","Fraction of unfished",100,"perfect",-0.673296789104423,0.673296789104423,4
"243","long_fast","R_unadjusted_change_Linf_60.5","HighSigmaR","L100","perfect","F1","LN_R0",100,"perfect",-0.1727125,0.1727125,4
"244","long_fast","R_unadjusted_change_Linf_60.5","HighSigmaR","L100","perfect","F1","OFL",100,"perfect",-0.946047842541999,0.946047842541999,4
"245","long_fast","R_unadjusted_change_Linf_60.5","HighSigmaR","L100","perfect","F1","Recruit",100,"perfect",-0.861824656053433,0.861824656053433,4
"246","long_fast","R_unadjusted_change_Linf_60.5","HighSigmaR","L100","perfect","F1","Selex_ascend",100,"perfect",0.0557617647058824,0.0557617647058824,4
"247","long_fast","R_unadjusted_change_Linf_60.5","HighSigmaR","L100","perfect","F1","Selex_peak",100,"perfect",0.118436904761905,0.118436904761905,4
"248","long_fast","R_unadjusted_change_Linf_60.5","HighSigmaR","L100","perfect","F1","SPR",100,"perfect",-0.935486133582225,0.935486133582225,4
"249","long_fast","R_unadjusted_change_Linf_60.5","HighSigmaR","L100","perfect","F1","SSB",100,"perfect",-0.917596955914218,0.917596955914218,4
"250","long_fast","R_unadjusted_change_Linf_60.5","HighSigmaR","L100","perfect","F1","SSB0",100,"perfect",-0.751002632990695,0.751002632990695,4
"251","long_fast","R_unadjusted_change_Linf_60.5","HighSigmaR","L20","N200","F1","F",100,"L20_N200",3.91739851076757,3.91739851076757,0
"252","long_fast","R_unadjusted_change_Linf_60.5","HighSigmaR","L20","N200","F1","Fraction of unfished",100,"L20_N200",-0.879866420534877,0.879866420534877,0
"253","long_fast","R_unadjusted_change_Linf_60.5","HighSigmaR","L20","N200","F1","LN_R0",100,"L20_N200",0.0106949999999999,0.011455,0
"254","long_fast","R_unadjusted_change_Linf_60.5","HighSigmaR","L20","N200","F1","OFL",100,"L20_N200",-0.814747024204258,0.814747024204258,0
"255","long_fast","R_unadjusted_change_Linf_60.5","HighSigmaR","L20","N200","F1","Recruit",100,"L20_N200",-0.516628265648305,0.553207601382352,0
"256","long_fast","R_unadjusted_change_Linf_60.5","HighSigmaR","L20","N200","F1","Selex_ascend",100,"L20_N200",0.0824450980392158,0.0824450980392158,0
"257","long_fast","R_unadjusted_change_Linf_60.5","HighSigmaR","L20","N200","F1","Selex_peak",100,"L20_N200",0.173733333333333,0.173733333333333,0
"258","long_fast","R_unadjusted_change_Linf_60.5","HighSigmaR","L20","N200","F1","SPR",100,"L20_N200",-0.757851589022084,0.761190302953219,0
"259","long_fast","R_unadjusted_change_Linf_60.5","HighSigmaR","L20","N200","F1","SSB",100,"L20_N200",-0.815448023527036,0.815448023527036,0
"260","long_fast","R_unadjusted_change_Linf_60.5","HighSigmaR","L20","N200","F1","SSB0",100,"L20_N200",0.558536254493658,0.558536254493658,0
"261","long_fast","R_unadjusted_change_Linf_60.5","HighSigmaR","L75","N200","F1","F",100,"L75_N200",6.69793018516659,6.69793018516659,0
"262","long_fast","R_unadjusted_change_Linf_60.5","HighSigmaR","L75","N200","F1","Fraction of unfished",100,"L75_N200",-1,1,0
"263","long_fast","R_unadjusted_change_Linf_60.5","HighSigmaR","L75","N200","F1","LN_R0",100,"L75_N200",-0.02642,0.02642,0
"264","long_fast","R_unadjusted_change_Linf_60.5","HighSigmaR","L75","N200","F1","OFL",100,"L75_N200",-1,1,0
"265","long_fast","R_unadjusted_change_Linf_60.5","HighSigmaR","L75","N200","F1","Recruit",100,"L75_N200",-1,1,0
"266","long_fast","R_unadjusted_change_Linf_60.5","HighSigmaR","L75","N200","F1","Selex_ascend",100,"L75_N200",0.0552401960784314,0.0552401960784314,0
"267","long_fast","R_unadjusted_change_Linf_60.5","HighSigmaR","L75","N200","F1","Selex_peak",100,"L75_N200",0.11617619047619,0.11617619047619,0
"268","long_fast","R_unadjusted_change_Linf_60.5","HighSigmaR","L75","N200","F1","SPR",100,"L75_N200",0.748656003980271,0.751918310928724,0
"269","long_fast","R_unadjusted_change_Linf_60.5","HighSigmaR","L75","N200","F1","SSB",100,"L75_N200",-1,1,0
"270","long_fast","R_unadjusted_change_Linf_60.5","HighSigmaR","L75","N200","F1","SSB0",100,"L75_N200",0.0753084668841299,0.089919407052962,0
"271","long_slow","R_biasadjusted","HighSigmaR","L100","perfect","F1","F",100,"perfect",0.0274605318729485,0.13427829863656,0
"272","long_slow","R_biasadjusted","HighSigmaR","L100","perfect","F1","Fraction of unfished",100,"perfect",-0.0126323724801511,0.178159135680423,0
"273","long_slow","R_biasadjusted","HighSigmaR","L100","perfect","F1","LN_R0",100,"perfect",-6.95000000000334e-05,0.00563599999999997,0
"274","long_slow","R_biasadjusted","HighSigmaR","L100","perfect","F1","OFL",100,"perfect",-0.0264934852867042,0.135951479804001,0
"275","long_slow","R_biasadjusted","HighSigmaR","L100","perfect","F1","Recruit",100,"perfect",0.242755511502799,0.409531432612032,0
"276","long_slow","R_biasadjusted","HighSigmaR","L100","perfect","F1","Selex_ascend",100,"perfect",-0.000619607843137134,0.00206176470588223,0
"277","long_slow","R_biasadjusted","HighSigmaR","L100","perfect","F1","Selex_peak",100,"perfect",-0.000583333333333327,0.00282619047619049,0
"278","long_slow","R_biasadjusted","HighSigmaR","L100","perfect","F1","SPR",100,"perfect",-0.0153596864977044,0.0800637538519589,0
"279","long_slow","R_biasadjusted","HighSigmaR","L100","perfect","F1","SSB",100,"perfect",-0.026013630904304,0.129017452273862,0
"280","long_slow","R_biasadjusted","HighSigmaR","L100","perfect","F1","SSB0",100,"perfect",-0.000680328986023494,0.0559490417554778,0
"281","long_slow","R_biasadjusted","HighSigmaR","L1","N200","F1","F",100,"L1_N200",-0.0497697159392282,0.580514652926416,0
"282","long_slow","R_biasadjusted","HighSigmaR","L1","N200","F1","Fraction of unfished",100,"L1_N200",-0.0167584993684079,0.648315523035811,0
"283","long_slow","R_biasadjusted","HighSigmaR","L1","N200","F1","LN_R0",100,"L1_N200",0.00312999999999999,0.0169140000000001,0
"284","long_slow","R_biasadjusted","HighSigmaR","L1","N200","F1","OFL",100,"L1_N200",0.0461105166981031,0.686634777511633,0
"285","long_slow","R_biasadjusted","HighSigmaR","L1","N200","F1","Recruit",100,"L1_N200",0.355461657363096,0.718918342215142,0
"286","long_slow","R_biasadjusted","HighSigmaR","L1","N200","F1","Selex_ascend",100,"L1_N200",-0.0329450980392156,0.119264705882353,0
"287","long_slow","R_biasadjusted","HighSigmaR","L1","N200","F1","Selex_peak",100,"L1_N200",-0.0364142857142858,0.180830952380952,0
"288","long_slow","R_biasadjusted","HighSigmaR","L1","N200","F1","SPR",100,"L1_N200",0.0149224105402177,0.385245031759009,0
"289","long_slow","R_biasadjusted","HighSigmaR","L1","N200","F1","SSB",100,"L1_N200",0.00985558948857251,0.796392588485159,0
"290","long_slow","R_biasadjusted","HighSigmaR","L1","N200","F1","SSB0",100,"L1_N200",0.0318334408039336,0.166568358746408,0
"291","long_slow","R_biasadjusted","HighSigmaR","L1","N50","F1","F",100,"L1_N50",-0.134719603483673,0.454402197787554,6
"292","long_slow","R_biasadjusted","HighSigmaR","L1","N50","F1","Fraction of unfished",100,"L1_N50",0.190396935364751,0.491271613884362,6
"293","long_slow","R_biasadjusted","HighSigmaR","L1","N50","F1","LN_R0",100,"L1_N50",0.00457999999999998,0.0152895,6
"294","long_slow","R_biasadjusted","HighSigmaR","L1","N50","F1","OFL",100,"L1_N50",0.196613787433032,0.510783197516172,6
"295","long_slow","R_biasadjusted","HighSigmaR","L1","N50","F1","Recruit",100,"L1_N50",0.602839415523757,0.660758547784881,6
"296","long_slow","R_biasadjusted","HighSigmaR","L1","N50","F1","Selex_ascend",100,"L1_N50",-0.0532186274509803,0.105370588235294,6
"297","long_slow","R_biasadjusted","HighSigmaR","L1","N50","F1","Selex_peak",100,"L1_N50",0.00218928571428573,0.103888095238095,6
"298","long_slow","R_biasadjusted","HighSigmaR","L1","N50","F1","SPR",100,"L1_N50",0.101603279667946,0.244570899628954,6
"299","long_slow","R_biasadjusted","HighSigmaR","L1","N50","F1","SSB",100,"L1_N50",0.190764097536237,0.545599625820092,6
"300","long_slow","R_biasadjusted","HighSigmaR","L1","N50","F1","SSB0",100,"L1_N50",0.0468327478762626,0.146203729897939,6
"301","long_slow","R_biasadjusted","HighSigmaR","L10","N200","F1","F",100,"L10_N200",0.0154607429748116,0.256220028246951,0
"302","long_slow","R_biasadjusted","HighSigmaR","L10","N200","F1","Fraction of unfished",100,"L10_N200",-0.0787220810895754,0.249492956554255,0
"303","long_slow","R_biasadjusted","HighSigmaR","L10","N200","F1","LN_R0",100,"L10_N200",-0.00282200000000001,0.0103635,0
"304","long_slow","R_biasadjusted","HighSigmaR","L10","N200","F1","OFL",100,"L10_N200",-0.0365801501384555,0.259593974551436,0
"305","long_slow","R_biasadjusted","HighSigmaR","L10","N200","F1","Recruit",100,"L10_N200",0.413544293444969,0.550899989200247,0
"306","long_slow","R_biasadjusted","HighSigmaR","L10","N200","F1","Selex_ascend",100,"L10_N200",-0.0214794117647058,0.0254362745098039,0
"307","long_slow","R_biasadjusted","HighSigmaR","L10","N200","F1","Selex_peak",100,"L10_N200",-0.00474166666666674,0.0314488095238095,0
"308","long_slow","R_biasadjusted","HighSigmaR","L10","N200","F1","SPR",100,"L10_N200",-0.0281389535249354,0.154926380416326,0
"309","long_slow","R_biasadjusted","HighSigmaR","L10","N200","F1","SSB",100,"L10_N200",-0.0792556978950895,0.270559556836668,0
"310","long_slow","R_biasadjusted","HighSigmaR","L10","N200","F1","SSB0",100,"L10_N200",-0.0278167509824111,0.0984375340021326,0
"311","long_slow","R_biasadjusted","HighSigmaR","L10","N50","F1","F",100,"L10_N50",-0.129087216097946,0.24781739256667,0
"312","long_slow","R_biasadjusted","HighSigmaR","L10","N50","F1","Fraction of unfished",100,"L10_N50",0.149434345725105,0.255618212435537,0
"313","long_slow","R_biasadjusted","HighSigmaR","L10","N50","F1","LN_R0",100,"L10_N50",0.00186000000000002,0.011515,0
"314","long_slow","R_biasadjusted","HighSigmaR","L10","N50","F1","OFL",100,"L10_N50",0.192269278299109,0.313298411900372,0
"315","long_slow","R_biasadjusted","HighSigmaR","L10","N50","F1","Recruit",100,"L10_N50",0.659276768178314,0.743256060747342,0
"316","long_slow","R_biasadjusted","HighSigmaR","L10","N50","F1","Selex_ascend",100,"L10_N50",0.00306666666666673,0.0293196078431373,0
"317","long_slow","R_biasadjusted","HighSigmaR","L10","N50","F1","Selex_peak",100,"L10_N50",0.0129273809523809,0.0450130952380953,0
"318","long_slow","R_biasadjusted","HighSigmaR","L10","N50","F1","SPR",100,"L10_N50",0.0869579743412365,0.163548086598327,0
"319","long_slow","R_biasadjusted","HighSigmaR","L10","N50","F1","SSB",100,"L10_N50",0.218579240908985,0.304264319560159,0
"320","long_slow","R_biasadjusted","HighSigmaR","L10","N50","F1","SSB0",100,"L10_N50",0.0188098365950565,0.121855053275257,0
"321","long_slow","R_biasadjusted","HighSigmaR","L20","N200","F1","F",100,"L20_N200",-0.0436363605150101,0.240261396876219,0
"322","long_slow","R_biasadjusted","HighSigmaR","L20","N200","F1","Fraction of unfished",100,"L20_N200",0.0241037562190792,0.23989244825059,0
"323","long_slow","R_biasadjusted","HighSigmaR","L20","N200","F1","LN_R0",100,"L20_N200",-0.000254499999999958,0.011171,0
"324","long_slow","R_biasadjusted","HighSigmaR","L20","N200","F1","OFL",100,"L20_N200",0.0457679306404599,0.272214206618096,0
"325","long_slow","R_biasadjusted","HighSigmaR","L20","N200","F1","Recruit",100,"L20_N200",0.430218777361462,0.55354114589904,0
"326","long_slow","R_biasadjusted","HighSigmaR","L20","N200","F1","Selex_ascend",100,"L20_N200",-0.0136784313725489,0.0160990196078431,0
"327","long_slow","R_biasadjusted","HighSigmaR","L20","N200","F1","Selex_peak",100,"L20_N200",-0.0198690476190476,0.0244297619047619,0
"328","long_slow","R_biasadjusted","HighSigmaR","L20","N200","F1","SPR",100,"L20_N200",0.021700679202566,0.142823171498648,0
"329","long_slow","R_biasadjusted","HighSigmaR","L20","N200","F1","SSB",100,"L20_N200",0.0280874341170572,0.258420365609743,0
"330","long_slow","R_biasadjusted","HighSigmaR","L20","N200","F1","SSB0",100,"L20_N200",-0.00253405367268837,0.108132794720464,0
"331","long_slow","R_biasadjusted","HighSigmaR","L20","N50","F1","F",100,"L20_N50",-0.149019729026497,0.250967227443411,0
"332","long_slow","R_biasadjusted","HighSigmaR","L20","N50","F1","Fraction of unfished",100,"L20_N50",0.197470668716988,0.283121032652868,0
"333","long_slow","R_biasadjusted","HighSigmaR","L20","N50","F1","LN_R0",100,"L20_N50",0.000760000000000005,0.011168,0
"334","long_slow","R_biasadjusted","HighSigmaR","L20","N50","F1","OFL",100,"L20_N50",0.187908319928623,0.286695288255131,0
"335","long_slow","R_biasadjusted","HighSigmaR","L20","N50","F1","Recruit",100,"L20_N50",0.586393694605487,0.705252335862119,0
"336","long_slow","R_biasadjusted","HighSigmaR","L20","N50","F1","Selex_ascend",100,"L20_N50",-0.00192352941176459,0.0236392156862745,0
"337","long_slow","R_biasadjusted","HighSigmaR","L20","N50","F1","Selex_peak",100,"L20_N50",0.000828571428571443,0.0280547619047619,0
"338","long_slow","R_biasadjusted","HighSigmaR","L20","N50","F1","SPR",100,"L20_N50",0.093529888057355,0.149836291742658,0
"339","long_slow","R_biasadjusted","HighSigmaR","L20","N50","F1","SSB",100,"L20_N50",0.176428937322322,0.301617612109484,0
"340","long_slow","R_biasadjusted","HighSigmaR","L20","N50","F1","SSB0",100,"L20_N50",0.00762048637795824,0.112733032721075,0
"341","long_slow","R_biasadjusted","HighSigmaR","L20","Ndecline","F1","F",100,"L20_Ndecline",-0.1301107507665,0.220818593637279,0
"342","long_slow","R_biasadjusted","HighSigmaR","L20","Ndecline","F1","Fraction of unfished",100,"L20_Ndecline",0.140485241437585,0.234359870072701,0
"343","long_slow","R_biasadjusted","HighSigmaR","L20","Ndecline","F1","LN_R0",100,"L20_Ndecline",0.00301999999999998,0.01176,0
"344","long_slow","R_biasadjusted","HighSigmaR","L20","Ndecline","F1","OFL",100,"L20_Ndecline",0.177378037545882,0.253374789886018,0
"345","long_slow","R_biasadjusted","HighSigmaR","L20","Ndecline","F1","Recruit",100,"L20_Ndecline",0.438069592828024,0.662892347550923,0
"346","long_slow","R_biasadjusted","HighSigmaR","L20","Ndecline","F1","Selex_ascend",100,"L20_Ndecline",0.00235784313725498,0.0264480392156862,0
"347","long_slow","R_biasadjusted","HighSigmaR","L20","Ndecline","F1","Selex_peak",100,"L20_Ndecline",0.00261428571428571,0.044602380952381,0
"348","long_slow","R_biasadjusted","HighSigmaR","L20","Ndecline","F1","SPR",100,"L20_Ndecline",0.0945557669328975,0.144090780454059,0
"349","long_slow","R_biasadjusted","HighSigmaR","L20","Ndecline","F1","SSB",100,"L20_Ndecline",0.217955276654508,0.270533230669264,0
"350","long_slow","R_biasadjusted","HighSigmaR","L20","Ndecline","F1","SSB0",100,"L20_Ndecline",0.0306663444457552,0.117145435782785,0
"351","long_slow","R_biasadjusted","HighSigmaR","L75","N200","F1","F",100,"L75_N200",0.245115822157216,0.269865173955237,0
"352","long_slow","R_biasadjusted","HighSigmaR","L75","N200","F1","Fraction of unfished",100,"L75_N200",-0.148558987341705,0.212874113283535,0
"353","long_slow","R_biasadjusted","HighSigmaR","L75","N200","F1","LN_R0",100,"L75_N200",-0.00709100000000005,0.01012,0
"354","long_slow","R_biasadjusted","HighSigmaR","L75","N200","F1","OFL",100,"L75_N200",-0.212874602403174,0.26249576617032,0
"355","long_slow","R_biasadjusted","HighSigmaR","L75","N200","F1","Recruit",100,"L75_N200",0.245014885552329,0.490315282133307,0
"356","long_slow","R_biasadjusted","HighSigmaR","L75","N200","F1","Selex_ascend",100,"L75_N200",0.00128627450980399,0.00369901960784312,0
"357","long_slow","R_biasadjusted","HighSigmaR","L75","N200","F1","Selex_peak",100,"L75_N200",-0.000575000000000056,0.00507738095238092,0
"358","long_slow","R_biasadjusted","HighSigmaR","L75","N200","F1","SPR",100,"L75_N200",-0.1295800971637,0.162377759260424,0
"359","long_slow","R_biasadjusted","HighSigmaR","L75","N200","F1","SSB",100,"L75_N200",-0.205515647063175,0.256018480295696,0
"360","long_slow","R_biasadjusted","HighSigmaR","L75","N200","F1","SSB0",100,"L75_N200",-0.0684412105274611,0.100322755401114,0
"361","long_slow","R_biasadjusted","HighSigmaR","L75","N50","F1","F",100,"L75_N50",-0.0806354587085965,0.216409165149244,0
"362","long_slow","R_biasadjusted","HighSigmaR","L75","N50","F1","Fraction of unfished",100,"L75_N50",0.156435803440594,0.268523785126549,0
"363","long_slow","R_biasadjusted","HighSigmaR","L75","N50","F1","LN_R0",100,"L75_N50",-0.0030805,0.00869249999999999,0
"364","long_slow","R_biasadjusted","HighSigmaR","L75","N50","F1","OFL",100,"L75_N50",0.0980352611106791,0.239406593461665,0
"365","long_slow","R_biasadjusted","HighSigmaR","L75","N50","F1","Recruit",100,"L75_N50",0.471035241692016,0.704549569523442,0
"366","long_slow","R_biasadjusted","HighSigmaR","L75","N50","F1","Selex_ascend",100,"L75_N50",-0.011013725490196,0.0132745098039216,0
"367","long_slow","R_biasadjusted","HighSigmaR","L75","N50","F1","Selex_peak",100,"L75_N50",-0.0173345238095238,0.0183309523809524,0
"368","long_slow","R_biasadjusted","HighSigmaR","L75","N50","F1","SPR",100,"L75_N50",0.0549022074083391,0.134663307339161,0
"369","long_slow","R_biasadjusted","HighSigmaR","L75","N50","F1","SSB",100,"L75_N50",0.116185343852555,0.241604617535032,0
"370","long_slow","R_biasadjusted","HighSigmaR","L75","N50","F1","SSB0",100,"L75_N50",-0.0303256072852467,0.0832452379834316,0
"371","long_slow","R_unadjusted","HighSigmaR","L1","N50","F1","F",100,"L1_N50",-0.0204488599259259,0.482076151195393,6
"372","long_slow","R_unadjusted","HighSigmaR","L1","N50","F1","Fraction of unfished",100,"L1_N50",-0.232797784183906,0.420451859076482,6
"373","long_slow","R_unadjusted","HighSigmaR","L1","N50","F1","LN_R0",100,"L1_N50",0.0376349999999999,0.0376349999999999,6
"374","long_slow","R_unadjusted","HighSigmaR","L1","N50","F1","OFL",100,"L1_N50",0.0402605407654549,0.465667623783482,6
"375","long_slow","R_unadjusted","HighSigmaR","L1","N50","F1","Recruit",100,"L1_N50",0.926697165607357,0.926697165607357,6
"376","long_slow","R_unadjusted","HighSigmaR","L1","N50","F1","Selex_ascend",100,"L1_N50",-0.0504578431372549,0.104480392156863,6
"377","long_slow","R_unadjusted","HighSigmaR","L1","N50","F1","Selex_peak",100,"L1_N50",0.00458571428571426,0.0983642857142857,6
"378","long_slow","R_unadjusted","HighSigmaR","L1","N50","F1","SPR",100,"L1_N50",0.0289496336708385,0.293878922709264,6
"379","long_slow","R_unadjusted","HighSigmaR","L1","N50","F1","SSB",100,"L1_N50",0.0967958394635103,0.51110450178092,6
"380","long_slow","R_unadjusted","HighSigmaR","L1","N50","F1","SSB0",100,"L1_N50",0.456963464959049,0.456963464959049,6
"381","long_slow","R_unadjusted","HighSigmaR","L10","N50","F1","F",100,"L10_N50",-0.108599252433122,0.269169869988033,0
"382","long_slow","R_unadjusted","HighSigmaR","L10","N50","F1","Fraction of unfished",100,"L10_N50",-0.239372859065943,0.303704374668189,0
"383","long_slow","R_unadjusted","HighSigmaR","L10","N50","F1","LN_R0",100,"L10_N50",0.03777,0.03777,0
"384","long_slow","R_unadjusted","HighSigmaR","L10","N50","F1","OFL",100,"L10_N50",0.149583559789279,0.29896052626011,0
"385","long_slow","R_unadjusted","HighSigmaR","L10","N50","F1","Recruit",100,"L10_N50",1.07132668759527,1.07132668759527,0
"386","long_slow","R_unadjusted","HighSigmaR","L10","N50","F1","Selex_ascend",100,"L10_N50",0.00468137254901967,0.0291588235294118,0
"387","long_slow","R_unadjusted","HighSigmaR","L10","N50","F1","Selex_peak",100,"L10_N50",0.017627380952381,0.0454107142857143,0
"388","long_slow","R_unadjusted","HighSigmaR","L10","N50","F1","SPR",100,"L10_N50",0.0769409156656815,0.160903795358783,0
"389","long_slow","R_unadjusted","HighSigmaR","L10","N50","F1","SSB",100,"L10_N50",0.156674052232634,0.303303523089254,0
"390","long_slow","R_unadjusted","HighSigmaR","L10","N50","F1","SSB0",100,"L10_N50",0.458962074522367,0.458962074522367,0
"391","long_slow","R_unadjusted","HighSigmaR","L20","N50","F1","F",100,"L20_N50",-0.143089032787783,0.268247608765045,0
"392","long_slow","R_unadjusted","HighSigmaR","L20","N50","F1","Fraction of unfished",100,"L20_N50",-0.156110950536221,0.247954939694038,0
"393","long_slow","R_unadjusted","HighSigmaR","L20","N50","F1","LN_R0",100,"L20_N50",0.035975,0.035975,0
"394","long_slow","R_unadjusted","HighSigmaR","L20","N50","F1","OFL",100,"L20_N50",0.186010473328691,0.271999604821678,0
"395","long_slow","R_unadjusted","HighSigmaR","L20","N50","F1","Recruit",100,"L20_N50",1.04856230225345,1.04856230225345,0
"396","long_slow","R_unadjusted","HighSigmaR","L20","N50","F1","Selex_ascend",100,"L20_N50",-0.00160784313725481,0.0228176470588235,0
"397","long_slow","R_unadjusted","HighSigmaR","L20","N50","F1","Selex_peak",100,"L20_N50",0.00294999999999998,0.0264535714285714,0
"398","long_slow","R_unadjusted","HighSigmaR","L20","N50","F1","SPR",100,"L20_N50",0.0901554933651972,0.161274251619395,0
"399","long_slow","R_unadjusted","HighSigmaR","L20","N50","F1","SSB",100,"L20_N50",0.150811566451428,0.279409352213237,0
"400","long_slow","R_unadjusted","HighSigmaR","L20","N50","F1","SSB0",100,"L20_N50",0.432980150199231,0.432980150199231,0
"401","long_slow","R_unadjusted","HighSigmaR","L20","Ndecline","F1","F",100,"L20_Ndecline",-0.136444133983699,0.259809862237621,0
"402","long_slow","R_unadjusted","HighSigmaR","L20","Ndecline","F1","Fraction of unfished",100,"L20_Ndecline",-0.197078392822981,0.25687437415791,0
"403","long_slow","R_unadjusted","HighSigmaR","L20","Ndecline","F1","LN_R0",100,"L20_Ndecline",0.037325,0.037325,0
"404","long_slow","R_unadjusted","HighSigmaR","L20","Ndecline","F1","OFL",100,"L20_Ndecline",0.180135312708843,0.304545502346475,0
"405","long_slow","R_unadjusted","HighSigmaR","L20","Ndecline","F1","Recruit",100,"L20_Ndecline",0.910656563392156,0.910656563392156,0
"406","long_slow","R_unadjusted","HighSigmaR","L20","Ndecline","F1","Selex_ascend",100,"L20_Ndecline",0.00484117647058825,0.0260460784313726,0
"407","long_slow","R_unadjusted","HighSigmaR","L20","Ndecline","F1","Selex_peak",100,"L20_Ndecline",0.0050297619047619,0.0449321428571428,0
"408","long_slow","R_unadjusted","HighSigmaR","L20","Ndecline","F1","SPR",100,"L20_Ndecline",0.10223610150305,0.157548070876046,0
"409","long_slow","R_unadjusted","HighSigmaR","L20","Ndecline","F1","SSB",100,"L20_Ndecline",0.197034833348919,0.315035540765832,0
"410","long_slow","R_unadjusted","HighSigmaR","L20","Ndecline","F1","SSB0",100,"L20_Ndecline",0.452485205135224,0.452485205135224,0
"411","long_slow","R_unadjusted","HighSigmaR","L75","N50","F1","F",100,"L75_N50",0.0217191122281639,0.217338148758677,0
"412","long_slow","R_unadjusted","HighSigmaR","L75","N50","F1","Fraction of unfished",100,"L75_N50",-0.174451168938736,0.239673519446553,0
"413","long_slow","R_unadjusted","HighSigmaR","L75","N50","F1","LN_R0",100,"L75_N50",0.020075,0.020075,0
"414","long_slow","R_unadjusted","HighSigmaR","L75","N50","F1","OFL",100,"L75_N50",-0.0166018959048432,0.229077702017981,0
"415","long_slow","R_unadjusted","HighSigmaR","L75","N50","F1","Recruit",100,"L75_N50",0.6705922116283,0.71606055809127,0
"416","long_slow","R_unadjusted","HighSigmaR","L75","N50","F1","Selex_ascend",100,"L75_N50",-0.0114333333333333,0.0131166666666666,0
"417","long_slow","R_unadjusted","HighSigmaR","L75","N50","F1","Selex_peak",100,"L75_N50",-0.0188440476190476,0.0193369047619048,0
"418","long_slow","R_unadjusted","HighSigmaR","L75","N50","F1","SPR",100,"L75_N50",-0.00747103169611966,0.127350481101818,0
"419","long_slow","R_unadjusted","HighSigmaR","L75","N50","F1","SSB",100,"L75_N50",0.000299307761888794,0.227420009430776,0
"420","long_slow","R_unadjusted","HighSigmaR","L75","N50","F1","SSB0",100,"L75_N50",0.222290051505715,0.222290051505715,0
"421","short_fast","R_biasadjusted","HighSigmaR","L100","perfect","F1","F",100,"perfect",-0.0124630583060558,0.231456918029604,0
"422","short_fast","R_biasadjusted","HighSigmaR","L100","perfect","F1","Fraction of unfished",100,"perfect",0.0183739235039216,0.2232499678804,0
"423","short_fast","R_biasadjusted","HighSigmaR","L100","perfect","F1","LN_R0",100,"perfect",0.00190999999999999,0.00897499999999996,0
"424","short_fast","R_biasadjusted","HighSigmaR","L100","perfect","F1","OFL",100,"perfect",0.0175315744643531,0.250224748548312,0
"425","short_fast","R_biasadjusted","HighSigmaR","L100","perfect","F1","Recruit",100,"perfect",-0.0297101912555151,0.239960405187865,0
"426","short_fast","R_biasadjusted","HighSigmaR","L100","perfect","F1","Selex_ascend",100,"perfect",-0.00105686274509791,0.0024362745098039,0
"427","short_fast","R_biasadjusted","HighSigmaR","L100","perfect","F1","Selex_peak",100,"perfect",-0.000669047619047667,0.00270357142857143,0
"428","short_fast","R_biasadjusted","HighSigmaR","L100","perfect","F1","SPR",100,"perfect",0.00712763470340819,0.138261429043421,0
"429","short_fast","R_biasadjusted","HighSigmaR","L100","perfect","F1","SSB",100,"perfect",0.00293426661000034,0.234267653211257,0
"430","short_fast","R_biasadjusted","HighSigmaR","L100","perfect","F1","SSB0",100,"perfect",0.0192998295731213,0.0896753097440892,0
"431","short_fast","R_biasadjusted","HighSigmaR","L1","N200","F1","F",100,"L1_N200",0.127187166050805,0.461889290319286,5
"432","short_fast","R_biasadjusted","HighSigmaR","L1","N200","F1","Fraction of unfished",100,"L1_N200",-0.130344277118817,0.38147043271697,5
"433","short_fast","R_biasadjusted","HighSigmaR","L1","N200","F1","LN_R0",100,"L1_N200",-0.00152999999999999,0.0202999999999999,5
"434","short_fast","R_biasadjusted","HighSigmaR","L1","N200","F1","OFL",100,"L1_N200",-0.127127125265077,0.399972590939348,5
"435","short_fast","R_biasadjusted","HighSigmaR","L1","N200","F1","Recruit",100,"L1_N200",0.253513992655439,0.510931528468834,5
"436","short_fast","R_biasadjusted","HighSigmaR","L1","N200","F1","Selex_ascend",100,"L1_N200",-0.00102549019607844,0.134003921568627,5
"437","short_fast","R_biasadjusted","HighSigmaR","L1","N200","F1","Selex_peak",100,"L1_N200",0.0384642857142857,0.17442619047619,5
"438","short_fast","R_biasadjusted","HighSigmaR","L1","N200","F1","SPR",100,"L1_N200",-0.0786416339653337,0.221451301580677,5
"439","short_fast","R_biasadjusted","HighSigmaR","L1","N200","F1","SSB",100,"L1_N200",-0.143426982399394,0.419536916691124,5
"440","short_fast","R_biasadjusted","HighSigmaR","L1","N200","F1","SSB0",100,"L1_N200",-0.0151592003462641,0.205339591336183,5
"441","short_fast","R_biasadjusted","HighSigmaR","L1","N50","F1","F",100,"L1_N50",-0.0489702522375175,0.478286272123812,11
"442","short_fast","R_biasadjusted","HighSigmaR","L1","N50","F1","Fraction of unfished",100,"L1_N50",0.0277729629221096,0.433904357250227,11
"443","short_fast","R_biasadjusted","HighSigmaR","L1","N50","F1","LN_R0",100,"L1_N50",0.000910000000000011,0.02072,11
"444","short_fast","R_biasadjusted","HighSigmaR","L1","N50","F1","OFL",100,"L1_N50",0.0336528491720971,0.57234515121658,11
"445","short_fast","R_biasadjusted","HighSigmaR","L1","N50","F1","Recruit",100,"L1_N50",0.268835292067317,0.505679191376277,11
"446","short_fast","R_biasadjusted","HighSigmaR","L1","N50","F1","Selex_ascend",100,"L1_N50",-0.0975784313725489,0.167103921568628,11
"447","short_fast","R_biasadjusted","HighSigmaR","L1","N50","F1","Selex_peak",100,"L1_N50",-0.0469333333333334,0.230295238095238,11
"448","short_fast","R_biasadjusted","HighSigmaR","L1","N50","F1","SPR",100,"L1_N50",0.0241091422686707,0.259098892308762,11
"449","short_fast","R_biasadjusted","HighSigmaR","L1","N50","F1","SSB",100,"L1_N50",0.169400460023268,0.573740677144093,11
"450","short_fast","R_biasadjusted","HighSigmaR","L1","N50","F1","SSB0",100,"L1_N50",0.00912324839041291,0.187397428267417,11
"451","short_fast","R_biasadjusted","HighSigmaR","L10","N200","F1","F",100,"L10_N200",-0.0982328728630544,0.300104299283755,1
"452","short_fast","R_biasadjusted","HighSigmaR","L10","N200","F1","Fraction of unfished",100,"L10_N200",0.0967223069126061,0.219289993118781,1
"453","short_fast","R_biasadjusted","HighSigmaR","L10","N200","F1","LN_R0",100,"L10_N200",0.00264500000000005,0.014542,1
"454","short_fast","R_biasadjusted","HighSigmaR","L10","N200","F1","OFL",100,"L10_N200",0.152589381281356,0.376585542785448,1
"455","short_fast","R_biasadjusted","HighSigmaR","L10","N200","F1","Recruit",100,"L10_N200",0.702696936269697,0.702696936269697,1
"456","short_fast","R_biasadjusted","HighSigmaR","L10","N200","F1","Selex_ascend",100,"L10_N200",-0.00425098039215685,0.0148352941176471,1
"457","short_fast","R_biasadjusted","HighSigmaR","L10","N200","F1","Selex_peak",100,"L10_N200",0.00669285714285719,0.0148083333333334,1
"458","short_fast","R_biasadjusted","HighSigmaR","L10","N200","F1","SPR",100,"L10_N200",0.0590053771231716,0.187942337454571,1
"459","short_fast","R_biasadjusted","HighSigmaR","L10","N200","F1","SSB",100,"L10_N200",0.0889482084309936,0.342532023462352,1
"460","short_fast","R_biasadjusted","HighSigmaR","L10","N200","F1","SSB0",100,"L10_N200",0.0268208173276344,0.143624659597107,1
"461","short_fast","R_biasadjusted","HighSigmaR","L10","N50","F1","F",100,"L10_N50",-0.279561914457438,0.394447041369042,0
"462","short_fast","R_biasadjusted","HighSigmaR","L10","N50","F1","Fraction of unfished",100,"L10_N50",0.306074554266604,0.383452772778973,0
"463","short_fast","R_biasadjusted","HighSigmaR","L10","N50","F1","LN_R0",100,"L10_N50",0.00594000000000001,0.017255,0
"464","short_fast","R_biasadjusted","HighSigmaR","L10","N50","F1","OFL",100,"L10_N50",0.359283766159234,0.506711097389119,0
"465","short_fast","R_biasadjusted","HighSigmaR","L10","N50","F1","Recruit",100,"L10_N50",0.505361429476316,0.666707408337221,0
"466","short_fast","R_biasadjusted","HighSigmaR","L10","N50","F1","Selex_ascend",100,"L10_N50",-0.0223,0.0331156862745097,0
"467","short_fast","R_biasadjusted","HighSigmaR","L10","N50","F1","Selex_peak",100,"L10_N50",-0.0195261904761905,0.0354011904761905,0
"468","short_fast","R_biasadjusted","HighSigmaR","L10","N50","F1","SPR",100,"L10_N50",0.167226984927439,0.251836008369996,0
"469","short_fast","R_biasadjusted","HighSigmaR","L10","N50","F1","SSB",100,"L10_N50",0.422051175489834,0.51504923165061,0
"470","short_fast","R_biasadjusted","HighSigmaR","L10","N50","F1","SSB0",100,"L10_N50",0.0612003823333154,0.18198479684034,0
"471","short_fast","R_biasadjusted","HighSigmaR","L20","N200","F1","F",100,"L20_N200",-0.0518823187165343,0.322474408843757,0
"472","short_fast","R_biasadjusted","HighSigmaR","L20","N200","F1","Fraction of unfished",100,"L20_N200",0.0216112088451551,0.233139481995919,0
"473","short_fast","R_biasadjusted","HighSigmaR","L20","N200","F1","LN_R0",100,"L20_N200",0.00133999999999999,0.01173,0
"474","short_fast","R_biasadjusted","HighSigmaR","L20","N200","F1","OFL",100,"L20_N200",0.0633151423904536,0.344118150618799,0
"475","short_fast","R_biasadjusted","HighSigmaR","L20","N200","F1","Recruit",100,"L20_N200",0.464329894085108,0.548640442305067,0
"476","short_fast","R_biasadjusted","HighSigmaR","L20","N200","F1","Selex_ascend",100,"L20_N200",-0.0124147058823529,0.0188882352941177,0
"477","short_fast","R_biasadjusted","HighSigmaR","L20","N200","F1","Selex_peak",100,"L20_N200",-0.0136119047619048,0.017725,0
"478","short_fast","R_biasadjusted","HighSigmaR","L20","N200","F1","SPR",100,"L20_N200",0.0299528753021371,0.19525352469168,0
"479","short_fast","R_biasadjusted","HighSigmaR","L20","N200","F1","SSB",100,"L20_N200",0.0512653063288868,0.317339840859439,0
"480","short_fast","R_biasadjusted","HighSigmaR","L20","N200","F1","SSB0",100,"L20_N200",0.0135281970820033,0.11920976933759,0
"481","short_fast","R_biasadjusted","HighSigmaR","L20","N50","F1","F",100,"L20_N50",-0.159118868047556,0.368219637314373,0
"482","short_fast","R_biasadjusted","HighSigmaR","L20","N50","F1","Fraction of unfished",100,"L20_N50",0.191716658206811,0.289713499932795,0
"483","short_fast","R_biasadjusted","HighSigmaR","L20","N50","F1","LN_R0",100,"L20_N50",7.00000000000145e-05,0.0143700000000001,0
"484","short_fast","R_biasadjusted","HighSigmaR","L20","N50","F1","OFL",100,"L20_N50",0.234552128141966,0.446736439388687,0
"485","short_fast","R_biasadjusted","HighSigmaR","L20","N50","F1","Recruit",100,"L20_N50",0.335646986632283,0.567633099291889,0
"486","short_fast","R_biasadjusted","HighSigmaR","L20","N50","F1","Selex_ascend",100,"L20_N50",0.0079039215686276,0.0251235294117646,0
"487","short_fast","R_biasadjusted","HighSigmaR","L20","N50","F1","Selex_peak",100,"L20_N50",0.010152380952381,0.026947619047619,0
"488","short_fast","R_biasadjusted","HighSigmaR","L20","N50","F1","SPR",100,"L20_N50",0.101450451442626,0.211535600496944,0
"489","short_fast","R_biasadjusted","HighSigmaR","L20","N50","F1","SSB",100,"L20_N50",0.194951950273762,0.419295745039653,0
"490","short_fast","R_biasadjusted","HighSigmaR","L20","N50","F1","SSB0",100,"L20_N50",0.000706730509116617,0.149457158830637,0
"491","short_fast","R_biasadjusted","HighSigmaR","L20","Ndecline","F1","F",100,"L20_Ndecline",0.00222747106708776,0.406690988834481,0
"492","short_fast","R_biasadjusted","HighSigmaR","L20","Ndecline","F1","Fraction of unfished",100,"L20_Ndecline",-0.062999389654221,0.369213057285704,0
"493","short_fast","R_biasadjusted","HighSigmaR","L20","Ndecline","F1","LN_R0",100,"L20_Ndecline",-0.000624999999999964,0.01328,0
"494","short_fast","R_biasadjusted","HighSigmaR","L20","Ndecline","F1","OFL",100,"L20_Ndecline",0.0320324276627816,0.490924050192489,0
"495","short_fast","R_biasadjusted","HighSigmaR","L20","Ndecline","F1","Recruit",100,"L20_Ndecline",0.394869763746907,0.486420045712351,0
"496","short_fast","R_biasadjusted","HighSigmaR","L20","Ndecline","F1","Selex_ascend",100,"L20_Ndecline",-0.0105901960784314,0.016272549019608,0
"497","short_fast","R_biasadjusted","HighSigmaR","L20","Ndecline","F1","Selex_peak",100,"L20_Ndecline",-0.0109738095238096,0.0191380952380953,0
"498","short_fast","R_biasadjusted","HighSigmaR","L20","Ndecline","F1","SPR",100,"L20_Ndecline",0.00364979722275362,0.247316751777078,0
"499","short_fast","R_biasadjusted","HighSigmaR","L20","Ndecline","F1","SSB",100,"L20_Ndecline",-0.0374591576267408,0.44944817747778,0
"500","short_fast","R_biasadjusted","HighSigmaR","L20","Ndecline","F1","SSB0",100,"L20_Ndecline",-0.00620277191653578,0.137734675106855,0
"501","short_fast","R_biasadjusted","HighSigmaR","L75","N200","F1","F",100,"L75_N200",0.186392381176699,0.303377247603595,0
"502","short_fast","R_biasadjusted","HighSigmaR","L75","N200","F1","Fraction of unfished",100,"L75_N200",-0.110092479738226,0.258050804478966,0
"503","short_fast","R_biasadjusted","HighSigmaR","L75","N200","F1","LN_R0",100,"L75_N200",-0.00114800000000006,0.00945399999999994,0
"504","short_fast","R_biasadjusted","HighSigmaR","L75","N200","F1","OFL",100,"L75_N200",-0.154106413472554,0.321185877289783,0
"505","short_fast","R_biasadjusted","HighSigmaR","L75","N200","F1","Recruit",100,"L75_N200",0.223114985151969,0.344755311777283,0
"506","short_fast","R_biasadjusted","HighSigmaR","L75","N200","F1","Selex_ascend",100,"L75_N200",-0.003785294117647,0.00642647058823529,0
"507","short_fast","R_biasadjusted","HighSigmaR","L75","N200","F1","Selex_peak",100,"L75_N200",-0.00249523809523812,0.006225,0
"508","short_fast","R_biasadjusted","HighSigmaR","L75","N200","F1","SPR",100,"L75_N200",-0.0988324126724669,0.179643830799342,0
"509","short_fast","R_biasadjusted","HighSigmaR","L75","N200","F1","SSB",100,"L75_N200",-0.157634193572395,0.303529050897495,0
"510","short_fast","R_biasadjusted","HighSigmaR","L75","N200","F1","SSB0",100,"L75_N200",-0.0113922252881025,0.0923748624862486,0
"511","short_fast","R_biasadjusted","HighSigmaR","L75","N50","F1","F",100,"L75_N50",-0.0179509188781358,0.285182795988747,0
"512","short_fast","R_biasadjusted","HighSigmaR","L75","N50","F1","Fraction of unfished",100,"L75_N50",0.120249169122318,0.272335543127813,0
"513","short_fast","R_biasadjusted","HighSigmaR","L75","N50","F1","LN_R0",100,"L75_N50",-0.00332649999999992,0.00960799999999997,0
"514","short_fast","R_biasadjusted","HighSigmaR","L75","N50","F1","OFL",100,"L75_N50",0.0216094235889135,0.3473666463464,0
"515","short_fast","R_biasadjusted","HighSigmaR","L75","N50","F1","Recruit",100,"L75_N50",0.250715247368933,0.478765691972107,0
"516","short_fast","R_biasadjusted","HighSigmaR","L75","N50","F1","Selex_ascend",100,"L75_N50",-0.00215098039215676,0.0162362745098039,0
"517","short_fast","R_biasadjusted","HighSigmaR","L75","N50","F1","Selex_peak",100,"L75_N50",0.00159761904761905,0.0193142857142857,0
"518","short_fast","R_biasadjusted","HighSigmaR","L75","N50","F1","SPR",100,"L75_N50",0.0141461039525623,0.177393863162552,0
"519","short_fast","R_biasadjusted","HighSigmaR","L75","N50","F1","SSB",100,"L75_N50",0.0333242498675293,0.308329522741837,0
"520","short_fast","R_biasadjusted","HighSigmaR","L75","N50","F1","SSB0",100,"L75_N50",-0.0326938943894389,0.0978579415318581,0
"521","short_fast","R_unadjusted","HighSigmaR","L1","N50","F1","F",100,"L1_N50",0.542800763799408,0.762372959995801,16
"522","short_fast","R_unadjusted","HighSigmaR","L1","N50","F1","Fraction of unfished",100,"L1_N50",-0.516012855696156,0.612406237639038,16
"523","short_fast","R_unadjusted","HighSigmaR","L1","N50","F1","LN_R0",100,"L1_N50",0.02323,0.0264665,16
"524","short_fast","R_unadjusted","HighSigmaR","L1","N50","F1","OFL",100,"L1_N50",-0.385360513354184,0.708788430866185,16
"525","short_fast","R_unadjusted","HighSigmaR","L1","N50","F1","Recruit",100,"L1_N50",0.327152386149625,1,16
"526","short_fast","R_unadjusted","HighSigmaR","L1","N50","F1","Selex_ascend",100,"L1_N50",-0.0433088235294117,0.165350980392157,16
"527","short_fast","R_unadjusted","HighSigmaR","L1","N50","F1","Selex_peak",100,"L1_N50",0.0491142857142857,0.241627380952381,16
"528","short_fast","R_unadjusted","HighSigmaR","L1","N50","F1","SPR",100,"L1_N50",0.0979359034552316,0.439674010700147,16
"529","short_fast","R_unadjusted","HighSigmaR","L1","N50","F1","SSB",100,"L1_N50",-0.363515889393255,0.73069846958259,16
"530","short_fast","R_unadjusted","HighSigmaR","L1","N50","F1","SSB0",100,"L1_N50",0.261502687153961,0.276338392035925,16
"531","short_fast","R_unadjusted","HighSigmaR","L10","N50","F1","F",100,"L10_N50",-0.402517694930189,0.507029164055323,1
"532","short_fast","R_unadjusted","HighSigmaR","L10","N50","F1","Fraction of unfished",100,"L10_N50",0.127842930763476,0.307036340897954,1
"533","short_fast","R_unadjusted","HighSigmaR","L10","N50","F1","LN_R0",100,"L10_N50",0.04168,0.04168,1
"534","short_fast","R_unadjusted","HighSigmaR","L10","N50","F1","OFL",100,"L10_N50",0.649870745123048,0.89896694214876,1
"535","short_fast","R_unadjusted","HighSigmaR","L10","N50","F1","Recruit",100,"L10_N50",1.04276785818009,1.04276785818009,1
"536","short_fast","R_unadjusted","HighSigmaR","L10","N50","F1","Selex_ascend",100,"L10_N50",-0.0242235294117646,0.0343882352941176,1
"537","short_fast","R_unadjusted","HighSigmaR","L10","N50","F1","Selex_peak",100,"L10_N50",-0.0179261904761904,0.0341214285714286,1
"538","short_fast","R_unadjusted","HighSigmaR","L10","N50","F1","SPR",100,"L10_N50",0.278255980431368,0.345470986140818,1
"539","short_fast","R_unadjusted","HighSigmaR","L10","N50","F1","SSB",100,"L10_N50",0.669988703545481,0.940777903816434,1
"540","short_fast","R_unadjusted","HighSigmaR","L10","N50","F1","SSB0",100,"L10_N50",0.517103554617757,0.517103554617757,1
"541","short_fast","R_unadjusted","HighSigmaR","L20","N50","F1","F",100,"L20_N50",-0.421261107672513,0.470099528748508,0
"542","short_fast","R_unadjusted","HighSigmaR","L20","N50","F1","Fraction of unfished",100,"L20_N50",0.181001060893142,0.298893893751762,0
"543","short_fast","R_unadjusted","HighSigmaR","L20","N50","F1","LN_R0",100,"L20_N50",0.03792,0.03792,0
"544","short_fast","R_unadjusted","HighSigmaR","L20","N50","F1","OFL",100,"L20_N50",0.754473820189242,0.934934071394039,0
"545","short_fast","R_unadjusted","HighSigmaR","L20","N50","F1","Recruit",100,"L20_N50",0.987826590136694,1,0
"546","short_fast","R_unadjusted","HighSigmaR","L20","N50","F1","Selex_ascend",100,"L20_N50",0.00687745098039224,0.0242901960784313,0
"547","short_fast","R_unadjusted","HighSigmaR","L20","N50","F1","Selex_peak",100,"L20_N50",0.00956190476190481,0.0267404761904762,0
"548","short_fast","R_unadjusted","HighSigmaR","L20","N50","F1","SPR",100,"L20_N50",0.279995865237662,0.310570887022449,0
"549","short_fast","R_unadjusted","HighSigmaR","L20","N50","F1","SSB",100,"L20_N50",0.728697766343899,0.849536353483846,0
"550","short_fast","R_unadjusted","HighSigmaR","L20","N50","F1","SSB0",100,"L20_N50",0.461145602265145,0.461145602265145,0
"551","short_fast","R_unadjusted","HighSigmaR","L20","Ndecline","F1","F",100,"L20_Ndecline",-0.33407994754837,0.450066389069378,0
"552","short_fast","R_unadjusted","HighSigmaR","L20","Ndecline","F1","Fraction of unfished",100,"L20_Ndecline",0.0375912046189561,0.366757216380061,0
"553","short_fast","R_unadjusted","HighSigmaR","L20","Ndecline","F1","LN_R0",100,"L20_Ndecline",0.03741,0.03741,0
"554","short_fast","R_unadjusted","HighSigmaR","L20","Ndecline","F1","OFL",100,"L20_Ndecline",0.623165623980758,0.749870967857547,0
"555","short_fast","R_unadjusted","HighSigmaR","L20","Ndecline","F1","Recruit",100,"L20_Ndecline",1.21512924703607,1.21512924703607,0
"556","short_fast","R_unadjusted","HighSigmaR","L20","Ndecline","F1","Selex_ascend",100,"L20_Ndecline",-0.0106970588235294,0.0177549019607843,0
"557","short_fast","R_unadjusted","HighSigmaR","L20","Ndecline","F1","Selex_peak",100,"L20_Ndecline",-0.010354761904762,0.0192214285714285,0
"558","short_fast","R_unadjusted","HighSigmaR","L20","Ndecline","F1","SPR",100,"L20_Ndecline",0.227852454677015,0.28574395774041,0
"559","short_fast","R_unadjusted","HighSigmaR","L20","Ndecline","F1","SSB",100,"L20_Ndecline",0.47066210484355,0.636793617455113,0
"560","short_fast","R_unadjusted","HighSigmaR","L20","Ndecline","F1","SSB0",100,"L20_Ndecline",0.453734512795542,0.453734512795542,0
"561","short_fast","R_unadjusted","HighSigmaR","L75","N50","F1","F",100,"L75_N50",-0.122230263079356,0.322971327086241,0
"562","short_fast","R_unadjusted","HighSigmaR","L75","N50","F1","Fraction of unfished",100,"L75_N50",0.048471352144301,0.243573025235934,0
"563","short_fast","R_unadjusted","HighSigmaR","L75","N50","F1","LN_R0",100,"L75_N50",0.01239,0.015515,0
"564","short_fast","R_unadjusted","HighSigmaR","L75","N50","F1","OFL",100,"L75_N50",0.180591233637878,0.375015541744308,0
"565","short_fast","R_unadjusted","HighSigmaR","L75","N50","F1","Recruit",100,"L75_N50",0.476947599173435,0.583392546253274,0
"566","short_fast","R_unadjusted","HighSigmaR","L75","N50","F1","Selex_ascend",100,"L75_N50",-0.0011735294117646,0.0168500000000001,0
"567","short_fast","R_unadjusted","HighSigmaR","L75","N50","F1","Selex_peak",100,"L75_N50",0.00339047619047624,0.0187738095238095,0
"568","short_fast","R_unadjusted","HighSigmaR","L75","N50","F1","SPR",100,"L75_N50",0.0779692520524072,0.201604442357742,0
"569","short_fast","R_unadjusted","HighSigmaR","L75","N50","F1","SSB",100,"L75_N50",0.150636212456305,0.373191008784801,0
"570","short_fast","R_unadjusted","HighSigmaR","L75","N50","F1","SSB0",100,"L75_N50",0.13197487781565,0.155002795361503,0
"571","short_slow","R_biasadjusted","HighSigmaR","L100","perfect","F1","F",100,"perfect",-0.0389362099942669,0.181461993460359,0
"572","short_slow","R_biasadjusted","HighSigmaR","L100","perfect","F1","Fraction of unfished",100,"perfect",0.0124095887746195,0.183842218395284,0
"573","short_slow","R_biasadjusted","HighSigmaR","L100","perfect","F1","LN_R0",100,"perfect",0.000869999999999926,0.00784000000000002,0
"574","short_slow","R_biasadjusted","HighSigmaR","L100","perfect","F1","OFL",100,"perfect",0.0358123797518743,0.206128365014419,0
"575","short_slow","R_biasadjusted","HighSigmaR","L100","perfect","F1","Recruit",100,"perfect",0.191590816558901,0.395284192046036,0
"576","short_slow","R_biasadjusted","HighSigmaR","L100","perfect","F1","Selex_ascend",100,"perfect",-0.000154901960784197,0.00160784313725499,0
"577","short_slow","R_biasadjusted","HighSigmaR","L100","perfect","F1","Selex_peak",100,"perfect",-0.000133333333333361,0.00176428571428575,0
"578","short_slow","R_biasadjusted","HighSigmaR","L100","perfect","F1","SPR",100,"perfect",0.0207057284535323,0.111568611612939,0
"579","short_slow","R_biasadjusted","HighSigmaR","L100","perfect","F1","SSB",100,"perfect",0.0355405349021571,0.191709008342191,0
"580","short_slow","R_biasadjusted","HighSigmaR","L100","perfect","F1","SSB0",100,"perfect",0.0087740334372517,0.081010201903974,0
"581","short_slow","R_biasadjusted","HighSigmaR","L1","N200","F1","F",100,"L1_N200",0.00324655683490952,0.428749149025837,3
"582","short_slow","R_biasadjusted","HighSigmaR","L1","N200","F1","Fraction of unfished",100,"L1_N200",-0.129086276296678,0.457503919426101,3
"583","short_slow","R_biasadjusted","HighSigmaR","L1","N200","F1","LN_R0",100,"L1_N200",0.00855999999999995,0.01744,3
"584","short_slow","R_biasadjusted","HighSigmaR","L1","N200","F1","OFL",100,"L1_N200",0.0189008222108335,0.464618721981966,3
"585","short_slow","R_biasadjusted","HighSigmaR","L1","N200","F1","Recruit",100,"L1_N200",0.402308906481334,0.586790640098292,3
"586","short_slow","R_biasadjusted","HighSigmaR","L1","N200","F1","Selex_ascend",100,"L1_N200",-0.0391313725490195,0.0832745098039215,3
"587","short_slow","R_biasadjusted","HighSigmaR","L1","N200","F1","Selex_peak",100,"L1_N200",-0.0168071428571429,0.154238095238095,3
"588","short_slow","R_biasadjusted","HighSigmaR","L1","N200","F1","SPR",100,"L1_N200",0.00687564151311394,0.271160328533518,3
"589","short_slow","R_biasadjusted","HighSigmaR","L1","N200","F1","SSB",100,"L1_N200",0.00139553058072679,0.478974319186904,3
"590","short_slow","R_biasadjusted","HighSigmaR","L1","N200","F1","SSB0",100,"L1_N200",0.0893310129520397,0.186492212715308,3
"591","short_slow","R_biasadjusted","HighSigmaR","L1","N50","F1","F",100,"L1_N50",0.00427455895815537,0.494754715546626,5
"592","short_slow","R_biasadjusted","HighSigmaR","L1","N50","F1","Fraction of unfished",100,"L1_N50",-0.0281440476814034,0.48862198354673,5
"593","short_slow","R_biasadjusted","HighSigmaR","L1","N50","F1","LN_R0",100,"L1_N50",0.00359999999999996,0.01677,5
"594","short_slow","R_biasadjusted","HighSigmaR","L1","N50","F1","OFL",100,"L1_N50",0.0287751350296089,0.556920167499662,5
"595","short_slow","R_biasadjusted","HighSigmaR","L1","N50","F1","Recruit",100,"L1_N50",0.419612194219898,0.633747412910394,5
"596","short_slow","R_biasadjusted","HighSigmaR","L1","N50","F1","Selex_ascend",100,"L1_N50",0.0152019607843138,0.108692156862745,5
"597","short_slow","R_biasadjusted","HighSigmaR","L1","N50","F1","Selex_peak",100,"L1_N50",0.000697619047619029,0.108466666666667,5
"598","short_slow","R_biasadjusted","HighSigmaR","L1","N50","F1","SPR",100,"L1_N50",0.00789418210402529,0.317849677593486,5
"599","short_slow","R_biasadjusted","HighSigmaR","L1","N50","F1","SSB",100,"L1_N50",-0.00691319073910832,0.568892228424216,5
"600","short_slow","R_biasadjusted","HighSigmaR","L1","N50","F1","SSB0",100,"L1_N50",0.0366296095027093,0.175632476244326,5
"601","short_slow","R_biasadjusted","HighSigmaR","L10","N200","F1","F",100,"L10_N200",-0.00682562023770809,0.313021546120015,0
"602","short_slow","R_biasadjusted","HighSigmaR","L10","N200","F1","Fraction of unfished",100,"L10_N200",0.0113865287067263,0.229934372557821,0
"603","short_slow","R_biasadjusted","HighSigmaR","L10","N200","F1","LN_R0",100,"L10_N200",0.00198,0.013719,0
"604","short_slow","R_biasadjusted","HighSigmaR","L10","N200","F1","OFL",100,"L10_N200",0.0103099032342722,0.354461242104237,0
"605","short_slow","R_biasadjusted","HighSigmaR","L10","N200","F1","Recruit",100,"L10_N200",0.383665130888063,0.56654422171983,0
"606","short_slow","R_biasadjusted","HighSigmaR","L10","N200","F1","Selex_ascend",100,"L10_N200",-0.0155441176470587,0.0199049019607842,0
"607","short_slow","R_biasadjusted","HighSigmaR","L10","N200","F1","Selex_peak",100,"L10_N200",-0.0111976190476191,0.0239583333333334,0
"608","short_slow","R_biasadjusted","HighSigmaR","L10","N200","F1","SPR",100,"L10_N200",-0.00408302780399098,0.1851034990908,0
"609","short_slow","R_biasadjusted","HighSigmaR","L10","N200","F1","SSB",100,"L10_N200",0.00716827525299224,0.349122138162541,0
"610","short_slow","R_biasadjusted","HighSigmaR","L10","N200","F1","SSB0",100,"L10_N200",0.0200088884390888,0.139789405596636,0
"611","short_slow","R_biasadjusted","HighSigmaR","L10","N50","F1","F",100,"L10_N50",-0.163193695111614,0.333937114305485,0
"612","short_slow","R_biasadjusted","HighSigmaR","L10","N50","F1","Fraction of unfished",100,"L10_N50",0.165247378291879,0.299021347867862,0
"613","short_slow","R_biasadjusted","HighSigmaR","L10","N50","F1","LN_R0",100,"L10_N50",0.00495000000000001,0.0131895,0
"614","short_slow","R_biasadjusted","HighSigmaR","L10","N50","F1","OFL",100,"L10_N50",0.209214167443699,0.433988497673112,0
"615","short_slow","R_biasadjusted","HighSigmaR","L10","N50","F1","Recruit",100,"L10_N50",0.554434699480486,0.668220519451474,0
"616","short_slow","R_biasadjusted","HighSigmaR","L10","N50","F1","Selex_ascend",100,"L10_N50",-0.00897745098039206,0.0285294117647059,0
"617","short_slow","R_biasadjusted","HighSigmaR","L10","N50","F1","Selex_peak",100,"L10_N50",-0.00884047619047623,0.0451178571428571,0
"618","short_slow","R_biasadjusted","HighSigmaR","L10","N50","F1","SPR",100,"L10_N50",0.106778318679089,0.222735323263506,0
"619","short_slow","R_biasadjusted","HighSigmaR","L10","N50","F1","SSB",100,"L10_N50",0.197148248057873,0.408478237762743,0
"620","short_slow","R_biasadjusted","HighSigmaR","L10","N50","F1","SSB0",100,"L10_N50",0.050729006012897,0.135695003333165,0
"621","short_slow","R_biasadjusted","HighSigmaR","L20","N200","F1","F",100,"L20_N200",0.0168699111017772,0.317653178800507,0
"622","short_slow","R_biasadjusted","HighSigmaR","L20","N200","F1","Fraction of unfished",100,"L20_N200",0.00671853317379358,0.220947556073595,0
"623","short_slow","R_biasadjusted","HighSigmaR","L20","N200","F1","LN_R0",100,"L20_N200",0.00124000000000004,0.0133115,0
"624","short_slow","R_biasadjusted","HighSigmaR","L20","N200","F1","OFL",100,"L20_N200",-0.0264907968099501,0.352992961776007,0
"625","short_slow","R_biasadjusted","HighSigmaR","L20","N200","F1","Recruit",100,"L20_N200",0.339707980060027,0.56879139650634,0
"626","short_slow","R_biasadjusted","HighSigmaR","L20","N200","F1","Selex_ascend",100,"L20_N200",-0.0104107843137254,0.0136862745098038,0
"627","short_slow","R_biasadjusted","HighSigmaR","L20","N200","F1","Selex_peak",100,"L20_N200",-0.0138261904761905,0.0171690476190476,0
"628","short_slow","R_biasadjusted","HighSigmaR","L20","N200","F1","SPR",100,"L20_N200",-0.0202870826593956,0.192374145223793,0
"629","short_slow","R_biasadjusted","HighSigmaR","L20","N200","F1","SSB",100,"L20_N200",-0.012088905270584,0.327272933709703,0
"630","short_slow","R_biasadjusted","HighSigmaR","L20","N200","F1","SSB0",100,"L20_N200",0.0124735161916998,0.139109572012857,0
"631","short_slow","R_biasadjusted","HighSigmaR","L20","N50","F1","F",100,"L20_N50",-0.128524909155792,0.305312896095164,0
"632","short_slow","R_biasadjusted","HighSigmaR","L20","N50","F1","Fraction of unfished",100,"L20_N50",0.124549353075551,0.3070676757706,0
"633","short_slow","R_biasadjusted","HighSigmaR","L20","N50","F1","LN_R0",100,"L20_N50",0.00120000000000005,0.0120495,0
"634","short_slow","R_biasadjusted","HighSigmaR","L20","N50","F1","OFL",100,"L20_N50",0.148564201863785,0.370305170481038,0
"635","short_slow","R_biasadjusted","HighSigmaR","L20","N50","F1","Recruit",100,"L20_N50",0.501031556032699,0.63485329859619,0
"636","short_slow","R_biasadjusted","HighSigmaR","L20","N50","F1","Selex_ascend",100,"L20_N50",-0.00173333333333328,0.021506862745098,0
"637","short_slow","R_biasadjusted","HighSigmaR","L20","N50","F1","Selex_peak",100,"L20_N50",-0.0046559523809524,0.033075,0
"638","short_slow","R_biasadjusted","HighSigmaR","L20","N50","F1","SPR",100,"L20_N50",0.0858026868194544,0.194567849185069,0
"639","short_slow","R_biasadjusted","HighSigmaR","L20","N50","F1","SSB",100,"L20_N50",0.160313528231065,0.377851373224748,0
"640","short_slow","R_biasadjusted","HighSigmaR","L20","N50","F1","SSB0",100,"L20_N50",0.0121225988563834,0.122719862361201,0
"641","short_slow","R_biasadjusted","HighSigmaR","L20","Ndecline","F1","F",100,"L20_Ndecline",-0.0704163210668913,0.277797995356826,0
"642","short_slow","R_biasadjusted","HighSigmaR","L20","Ndecline","F1","Fraction of unfished",100,"L20_Ndecline",0.0729457337762081,0.26620309847307,0
"643","short_slow","R_biasadjusted","HighSigmaR","L20","Ndecline","F1","LN_R0",100,"L20_Ndecline",0.00401999999999996,0.0120455,0
"644","short_slow","R_biasadjusted","HighSigmaR","L20","Ndecline","F1","OFL",100,"L20_Ndecline",0.0684484395968428,0.283412306225755,0
"645","short_slow","R_biasadjusted","HighSigmaR","L20","Ndecline","F1","Recruit",100,"L20_Ndecline",0.48001850282914,0.615091463976158,0
"646","short_slow","R_biasadjusted","HighSigmaR","L20","Ndecline","F1","Selex_ascend",100,"L20_Ndecline",-0.00144803921568614,0.0247558823529412,0
"647","short_slow","R_biasadjusted","HighSigmaR","L20","Ndecline","F1","Selex_peak",100,"L20_Ndecline",0.00636071428571431,0.0381107142857142,0
"648","short_slow","R_biasadjusted","HighSigmaR","L20","Ndecline","F1","SPR",100,"L20_Ndecline",0.0465346963783692,0.16953677089141,0
"649","short_slow","R_biasadjusted","HighSigmaR","L20","Ndecline","F1","SSB",100,"L20_Ndecline",0.102822631833996,0.281134007928303,0
"650","short_slow","R_biasadjusted","HighSigmaR","L20","Ndecline","F1","SSB0",100,"L20_Ndecline",0.041021026438706,0.124688959634606,0
"651","short_slow","R_biasadjusted","HighSigmaR","L75","N200","F1","F",100,"L75_N200",0.171069017377367,0.320971381858828,0
"652","short_slow","R_biasadjusted","HighSigmaR","L75","N200","F1","Fraction of unfished",100,"L75_N200",-0.132460838148999,0.237351610652123,0
"653","short_slow","R_biasadjusted","HighSigmaR","L75","N200","F1","LN_R0",100,"L75_N200",-0.00345249999999995,0.00932949999999995,0
"654","short_slow","R_biasadjusted","HighSigmaR","L75","N200","F1","OFL",100,"L75_N200",-0.163816737113365,0.332739841020467,0
"655","short_slow","R_biasadjusted","HighSigmaR","L75","N200","F1","Recruit",100,"L75_N200",0.26126327817212,0.475030750071766,0
"656","short_slow","R_biasadjusted","HighSigmaR","L75","N200","F1","Selex_ascend",100,"L75_N200",-0.00174117647058815,0.00461960784313722,0
"657","short_slow","R_biasadjusted","HighSigmaR","L75","N200","F1","Selex_peak",100,"L75_N200",-0.00321785714285713,0.0062095238095238,0
"658","short_slow","R_biasadjusted","HighSigmaR","L75","N200","F1","SPR",100,"L75_N200",-0.102087515686904,0.191779175671656,0
"659","short_slow","R_biasadjusted","HighSigmaR","L75","N200","F1","SSB",100,"L75_N200",-0.156260585115097,0.316689846648697,0
"660","short_slow","R_biasadjusted","HighSigmaR","L75","N200","F1","SSB0",100,"L75_N200",-0.0339212757110202,0.0893706149083765,0
"661","short_slow","R_biasadjusted","HighSigmaR","L75","N50","F1","F",100,"L75_N50",-0.0186628084507634,0.242985971397356,0
"662","short_slow","R_biasadjusted","HighSigmaR","L75","N50","F1","Fraction of unfished",100,"L75_N50",0.0473911060807665,0.26461031445425,0
"663","short_slow","R_biasadjusted","HighSigmaR","L75","N50","F1","LN_R0",100,"L75_N50",-0.00353750000000002,0.00915049999999997,0
"664","short_slow","R_biasadjusted","HighSigmaR","L75","N50","F1","OFL",100,"L75_N50",0.00984231553828363,0.281832524852856,0
"665","short_slow","R_biasadjusted","HighSigmaR","L75","N50","F1","Recruit",100,"L75_N50",0.414061354212792,0.608790875583681,0
"666","short_slow","R_biasadjusted","HighSigmaR","L75","N50","F1","Selex_ascend",100,"L75_N50",-0.00611372549019608,0.00999509803921564,0
"667","short_slow","R_biasadjusted","HighSigmaR","L75","N50","F1","Selex_peak",100,"L75_N50",-0.0096333333333333,0.0135904761904762,0
"668","short_slow","R_biasadjusted","HighSigmaR","L75","N50","F1","SPR",100,"L75_N50",-0.00840246735055318,0.149756988429615,0
"669","short_slow","R_biasadjusted","HighSigmaR","L75","N50","F1","SSB",100,"L75_N50",0.0134391087557153,0.294216415172391,0
"670","short_slow","R_biasadjusted","HighSigmaR","L75","N50","F1","SSB0",100,"L75_N50",-0.0347408161963202,0.0947058784703964,0
"671","short_slow","R_unadjusted","HighSigmaR","L1","N50","F1","F",100,"L1_N50",0.454814953611524,0.812942659901272,6
"672","short_slow","R_unadjusted","HighSigmaR","L1","N50","F1","Fraction of unfished",100,"L1_N50",-0.483422257917427,0.595716608759742,6
"673","short_slow","R_unadjusted","HighSigmaR","L1","N50","F1","LN_R0",100,"L1_N50",0.022985,0.0255990000000001,6
"674","short_slow","R_unadjusted","HighSigmaR","L1","N50","F1","OFL",100,"L1_N50",-0.305825177960881,0.657271083917287,6
"675","short_slow","R_unadjusted","HighSigmaR","L1","N50","F1","Recruit",100,"L1_N50",0.383128378022998,0.828071205962693,6
"676","short_slow","R_unadjusted","HighSigmaR","L1","N50","F1","Selex_ascend",100,"L1_N50",0.0253656862745099,0.115295098039216,6
"677","short_slow","R_unadjusted","HighSigmaR","L1","N50","F1","Selex_peak",100,"L1_N50",0.0294035714285714,0.129434523809524,6
"678","short_slow","R_unadjusted","HighSigmaR","L1","N50","F1","SPR",100,"L1_N50",-0.0742825396137425,0.416234394362368,6
"679","short_slow","R_unadjusted","HighSigmaR","L1","N50","F1","SSB",100,"L1_N50",-0.350225229721963,0.700386589843061,6
"680","short_slow","R_unadjusted","HighSigmaR","L1","N50","F1","SSB0",100,"L1_N50",0.258377463846714,0.260840485519985,6
"681","short_slow","R_unadjusted","HighSigmaR","L10","N50","F1","F",100,"L10_N50",-0.251768866615488,0.344973920014485,0
"682","short_slow","R_unadjusted","HighSigmaR","L10","N50","F1","Fraction of unfished",100,"L10_N50",-0.0684485656025919,0.261375046267651,0
"683","short_slow","R_unadjusted","HighSigmaR","L10","N50","F1","LN_R0",100,"L10_N50",0.036005,0.036005,0
"684","short_slow","R_unadjusted","HighSigmaR","L10","N50","F1","OFL",100,"L10_N50",0.361413257896367,0.453221150067394,0
"685","short_slow","R_unadjusted","HighSigmaR","L10","N50","F1","Recruit",100,"L10_N50",1.11800250218689,1.11800250218689,0
"686","short_slow","R_unadjusted","HighSigmaR","L10","N50","F1","Selex_ascend",100,"L10_N50",-0.00869019607843127,0.0284607843137254,0
"687","short_slow","R_unadjusted","HighSigmaR","L10","N50","F1","Selex_peak",100,"L10_N50",-0.0072952380952381,0.044425,0
"688","short_slow","R_unadjusted","HighSigmaR","L10","N50","F1","SPR",100,"L10_N50",0.170836050426625,0.24878001690344,0
"689","short_slow","R_unadjusted","HighSigmaR","L10","N50","F1","SSB",100,"L10_N50",0.372996743763281,0.449719520895503,0
"690","short_slow","R_unadjusted","HighSigmaR","L10","N50","F1","SSB0",100,"L10_N50",0.433434611669816,0.433434611669816,0
"691","short_slow","R_unadjusted","HighSigmaR","L20","N50","F1","F",100,"L20_N50",-0.308418572199455,0.385050928839979,0
"692","short_slow","R_unadjusted","HighSigmaR","L20","N50","F1","Fraction of unfished",100,"L20_N50",-0.00931734260001431,0.266277979215367,0
"693","short_slow","R_unadjusted","HighSigmaR","L20","N50","F1","LN_R0",100,"L20_N50",0.037725,0.037725,0
"694","short_slow","R_unadjusted","HighSigmaR","L20","N50","F1","OFL",100,"L20_N50",0.470108804685616,0.524679734131893,0
"695","short_slow","R_unadjusted","HighSigmaR","L20","N50","F1","Recruit",100,"L20_N50",1.15887753122261,1.15887753122261,0
"696","short_slow","R_unadjusted","HighSigmaR","L20","N50","F1","Selex_ascend",100,"L20_N50",-0.00260392156862744,0.0211568627450979,0
"697","short_slow","R_unadjusted","HighSigmaR","L20","N50","F1","Selex_peak",100,"L20_N50",-0.00372857142857145,0.0323797619047619,0
"698","short_slow","R_unadjusted","HighSigmaR","L20","N50","F1","SPR",100,"L20_N50",0.217223974514814,0.249835989353591,0
"699","short_slow","R_unadjusted","HighSigmaR","L20","N50","F1","SSB",100,"L20_N50",0.487350147900842,0.503543376147259,0
"700","short_slow","R_unadjusted","HighSigmaR","L20","N50","F1","SSB0",100,"L20_N50",0.458279338999346,0.458279338999346,0
"701","short_slow","R_unadjusted","HighSigmaR","L20","Ndecline","F1","F",100,"L20_Ndecline",-0.312380798897961,0.344154244873859,0
"702","short_slow","R_unadjusted","HighSigmaR","L20","Ndecline","F1","Fraction of unfished",100,"L20_Ndecline",0.0161646110621418,0.24161802349324,0
"703","short_slow","R_unadjusted","HighSigmaR","L20","Ndecline","F1","LN_R0",100,"L20_Ndecline",0.038765,0.038765,0
"704","short_slow","R_unadjusted","HighSigmaR","L20","Ndecline","F1","OFL",100,"L20_Ndecline",0.480703595664392,0.50686707456183,0
"705","short_slow","R_unadjusted","HighSigmaR","L20","Ndecline","F1","Recruit",100,"L20_Ndecline",1.19469139060699,1.19469139060699,0
"706","short_slow","R_unadjusted","HighSigmaR","L20","Ndecline","F1","Selex_ascend",100,"L20_Ndecline",-0.00164117647058819,0.0247245098039215,0
"707","short_slow","R_unadjusted","HighSigmaR","L20","Ndecline","F1","Selex_peak",100,"L20_Ndecline",0.00782380952380948,0.0377571428571428,0
"708","short_slow","R_unadjusted","HighSigmaR","L20","Ndecline","F1","SPR",100,"L20_Ndecline",0.212835581543335,0.234539164560304,0
"709","short_slow","R_unadjusted","HighSigmaR","L20","Ndecline","F1","SSB",100,"L20_Ndecline",0.496598641630453,0.504599994978044,0
"710","short_slow","R_unadjusted","HighSigmaR","L20","Ndecline","F1","SSB0",100,"L20_Ndecline",0.473531592460668,0.473531592460668,0
"711","short_slow","R_unadjusted","HighSigmaR","L75","N50","F1","F",100,"L75_N50",-0.0743755303067857,0.263231518030953,0
"712","short_slow","R_unadjusted","HighSigmaR","L75","N50","F1","Fraction of unfished",100,"L75_N50",-0.0549667312204561,0.24655384833678,0
"713","short_slow","R_unadjusted","HighSigmaR","L75","N50","F1","LN_R0",100,"L75_N50",0.01426,0.0151400000000001,0
"714","short_slow","R_unadjusted","HighSigmaR","L75","N50","F1","OFL",100,"L75_N50",0.0781970221314892,0.301076252919919,0
"715","short_slow","R_unadjusted","HighSigmaR","L75","N50","F1","Recruit",100,"L75_N50",0.664225035774666,0.720162541927273,0
"716","short_slow","R_unadjusted","HighSigmaR","L75","N50","F1","Selex_ascend",100,"L75_N50",-0.00497647058823524,0.00925098039215686,0
"717","short_slow","R_unadjusted","HighSigmaR","L75","N50","F1","Selex_peak",100,"L75_N50",-0.00835476190476189,0.0132642857142857,0
"718","short_slow","R_unadjusted","HighSigmaR","L75","N50","F1","SPR",100,"L75_N50",0.0337182247842251,0.16526165854658,0
"719","short_slow","R_unadjusted","HighSigmaR","L75","N50","F1","SSB",100,"L75_N50",0.085145573971546,0.318595236909594,0
"720","short_slow","R_unadjusted","HighSigmaR","L75","N50","F1","SSB0",100,"L75_N50",0.153309073468229,0.160083208110481,0
